,zeta_46m,phi_c,phi_c*
2013-05-16 20:00:00,,,2.0
2013-05-16 20:30:00,,,2.0
2013-05-16 21:00:00,,,2.0
2013-05-16 21:30:00,0.14312241,2.98436988244,2.0
2013-05-16 22:00:00,,,2.0
2013-05-16 22:30:00,0.085242708,3.81845091923,2.0
2013-05-16 23:00:00,0.056289919,2.79633973729,2.0
2013-05-16 23:30:00,,,2.0
2013-05-17 00:00:00,,,2.0
2013-05-17 00:30:00,,,2.0
2013-05-17 01:00:00,,,2.0
2013-05-17 01:30:00,0.1569253,2.416298922,2.0
2013-05-17 02:00:00,0.38522583,2.71113654956,2.0
2013-05-17 02:30:00,,,2.0
2013-05-17 03:00:00,0.15442666,4.27438180147,2.0
2013-05-17 03:30:00,0.24080614,7.07123400453,2.0
2013-05-17 04:00:00,,,2.0
2013-05-17 04:30:00,0.14663922,2.46465437782,2.0
2013-05-17 05:00:00,0.1333926,2.29807186146,2.0
2013-05-17 05:30:00,0.19749902,2.55452519928,2.0
2013-05-17 06:00:00,,,2.0
2013-05-17 06:30:00,,,2.0
2013-05-17 07:00:00,,,2.0
2013-05-17 07:30:00,,,2.0
2013-05-17 08:00:00,,,2.0
2013-05-17 08:30:00,,,2.0
2013-05-17 09:00:00,,,2.0
2013-05-17 09:30:00,,,2.0
2013-05-17 10:00:00,,,2.0
2013-05-17 10:30:00,-0.28732655,4.67849026687,1.28966176364
2013-05-17 11:00:00,-0.33952954,1.34744801085,1.23709459933
2013-05-17 11:30:00,-0.14135434,1.64568242246,1.50584694252
2013-05-17 12:00:00,-0.13746949,1.52832352245,1.51383797725
2013-05-17 12:30:00,-0.31200165,1.41164127748,1.26372198585
2013-05-17 13:00:00,-0.11380744,1.82451055957,1.56648928786
2013-05-17 13:30:00,,,2.0
2013-05-17 14:00:00,,,2.0
2013-05-17 14:30:00,,,2.0
2013-05-17 15:00:00,,,2.0
2013-05-17 15:30:00,,,2.0
2013-05-17 16:00:00,,,2.0
2013-05-17 16:30:00,0.03829262,2.39118723189,2.0
2013-05-17 17:00:00,0.08070109,2.03924939964,2.0
2013-05-17 17:30:00,,,2.0
2013-05-17 18:00:00,0.47255084,4.20929446554,2.0
2013-05-17 18:30:00,,,2.0
2013-05-17 19:00:00,,,2.0
2013-05-17 19:30:00,,,2.0
2013-05-17 20:00:00,,,2.0
2013-05-17 20:30:00,,,2.0
2013-05-17 21:00:00,,,2.0
2013-05-17 21:30:00,,,2.0
2013-05-17 22:00:00,,,2.0
2013-05-17 22:30:00,,,2.0
2013-05-17 23:00:00,,,2.0
2013-05-17 23:30:00,,,2.0
2013-05-18 00:00:00,,,2.0
2013-05-18 00:30:00,,,2.0
2013-05-18 01:00:00,,,2.0
2013-05-18 01:30:00,,,2.0
2013-05-18 02:00:00,,,2.0
2013-05-18 02:30:00,,,2.0
2013-05-18 03:00:00,,,2.0
2013-05-18 03:30:00,,,2.0
2013-05-18 04:00:00,,,2.0
2013-05-18 04:30:00,,,2.0
2013-05-18 05:00:00,1.2505006,2.33572748769,2.0
2013-05-18 05:30:00,,,2.0
2013-05-18 06:00:00,0.2441673,2.97435109382,2.0
2013-05-18 06:30:00,0.70251226,3.53725940059,2.0
2013-05-18 07:00:00,,,2.0
2013-05-18 07:30:00,0.035401253,3.30934659527,2.0
2013-05-18 08:00:00,-0.033670844,10.7813010951,1.82327682601
2013-05-18 08:30:00,-0.022332252,6.62922454066,1.87575930754
2013-05-18 09:00:00,-0.10925562,6.36557820072,1.57749148078
2013-05-18 09:30:00,-0.094191464,3.53323959106,1.61624586104
2013-05-18 10:00:00,-0.17557468,2.81959643793,1.44201657928
2013-05-18 10:30:00,-0.43218325,1.69120016821,1.16147644253
2013-05-18 11:00:00,-0.66051037,1.42629676939,1.03217977297
2013-05-18 11:30:00,,,2.0
2013-05-18 12:00:00,,,2.0
2013-05-18 12:30:00,,,2.0
2013-05-18 13:00:00,,,2.0
2013-05-18 13:30:00,,,2.0
2013-05-18 14:00:00,,,2.0
2013-05-18 14:30:00,,,2.0
2013-05-18 15:00:00,,,2.0
2013-05-18 15:30:00,,,2.0
2013-05-18 16:00:00,,,2.0
2013-05-18 16:30:00,,,2.0
2013-05-18 17:00:00,,,2.0
2013-05-18 17:30:00,0.13837147,8.67537321111,2.0
2013-05-18 18:00:00,,,2.0
2013-05-18 18:30:00,,,2.0
2013-05-18 19:00:00,,,2.0
2013-05-18 19:30:00,,,2.0
2013-05-18 20:00:00,,,2.0
2013-05-18 20:30:00,,,2.0
2013-05-18 21:00:00,,,2.0
2013-05-18 21:30:00,,,2.0
2013-05-18 22:00:00,,,2.0
2013-05-18 22:30:00,,,2.0
2013-05-18 23:00:00,,,2.0
2013-05-18 23:30:00,,,2.0
2013-05-19 00:00:00,,,2.0
2013-05-19 00:30:00,,,2.0
2013-05-19 01:00:00,,,2.0
2013-05-19 01:30:00,,,2.0
2013-05-19 02:00:00,,,2.0
2013-05-19 02:30:00,,,2.0
2013-05-19 03:00:00,,,2.0
2013-05-19 03:30:00,,,2.0
2013-05-19 04:00:00,,,2.0
2013-05-19 04:30:00,,,2.0
2013-05-19 05:00:00,,,2.0
2013-05-19 05:30:00,,,2.0
2013-05-19 06:00:00,,,2.0
2013-05-19 06:30:00,,,2.0
2013-05-19 07:00:00,,,2.0
2013-05-19 07:30:00,,,2.0
2013-05-19 08:00:00,,,2.0
2013-05-19 08:30:00,-4.5522215,0.974396438604,0.565464028544
2013-05-19 09:00:00,-3.1537816,0.736406015548,0.636930460364
2013-05-19 09:30:00,-0.59680115,4.57266627025,1.06250217816
2013-05-19 10:00:00,-0.58387696,1.17048609357,1.06910316756
2013-05-19 10:30:00,-0.59246211,1.25266339462,1.06470013762
2013-05-19 11:00:00,-1.837353,0.995615941507,0.756820920055
2013-05-19 11:30:00,,,2.0
2013-05-19 12:00:00,,,2.0
2013-05-19 12:30:00,,,2.0
2013-05-19 13:00:00,0.017061708,8.8151596913,2.0
2013-05-19 13:30:00,-0.31531398,1.32438304829,1.2603956825
2013-05-19 14:00:00,-0.35061377,1.44050762177,1.2269859496
2013-05-19 14:30:00,-0.21976373,1.70938725539,1.37345899317
2013-05-19 15:00:00,0.00080273778,18.4633542092,2.0
2013-05-19 15:30:00,-0.16654974,1.9524177769,1.45780277854
2013-05-19 16:00:00,,,2.0
2013-05-19 16:30:00,,,2.0
2013-05-19 17:00:00,,,2.0
2013-05-19 17:30:00,,,2.0
2013-05-19 18:00:00,,,2.0
2013-05-19 18:30:00,,,2.0
2013-05-19 19:00:00,,,2.0
2013-05-19 19:30:00,,,2.0
2013-05-19 20:00:00,,,2.0
2013-05-19 20:30:00,,,2.0
2013-05-19 21:00:00,,,2.0
2013-05-19 21:30:00,,,2.0
2013-05-19 22:00:00,0.11861372,3.72654741504,2.0
2013-05-19 22:30:00,0.073865822,7.71493074688,2.0
2013-05-19 23:00:00,0.22529303,2.57047405068,2.0
2013-05-19 23:30:00,,,2.0
2013-05-20 00:00:00,,,2.0
2013-05-20 00:30:00,0.52466121,3.26979395743,2.0
2013-05-20 01:00:00,0.15634153,4.41066210034,2.0
2013-05-20 01:30:00,0.36605434,3.77779452052,2.0
2013-05-20 02:00:00,,,2.0
2013-05-20 02:30:00,,,2.0
2013-05-20 03:00:00,,,2.0
2013-05-20 03:30:00,,,2.0
2013-05-20 04:00:00,,,2.0
2013-05-20 04:30:00,,,2.0
2013-05-20 05:00:00,,,2.0
2013-05-20 05:30:00,,,2.0
2013-05-20 06:00:00,,,2.0
2013-05-20 06:30:00,,,2.0
2013-05-20 07:00:00,,,2.0
2013-05-20 07:30:00,,,2.0
2013-05-20 08:00:00,-3.7065637,6.10346888961,0.604520554432
2013-05-20 08:30:00,-1.1310243,3.67065638773,0.879864183801
2013-05-20 09:00:00,-0.22924237,3.16133401376,1.36036158934
2013-05-20 09:30:00,-0.3960746,2.46579535053,1.18871749845
2013-05-20 10:00:00,,,2.0
2013-05-20 10:30:00,,,2.0
2013-05-20 11:00:00,,,2.0
2013-05-20 11:30:00,,,2.0
2013-05-20 12:00:00,-0.48180212,1.41955798471,1.12778590457
2013-05-20 12:30:00,-0.1030195,1.89378344703,1.59308062903
2013-05-20 13:00:00,-0.39936358,1.42071761981,1.18612931949
2013-05-20 13:30:00,-0.21912216,1.63200786565,1.37436387362
2013-05-20 14:00:00,-0.42803035,1.31379150447,1.16448356008
2013-05-20 14:30:00,-0.41644612,1.81447462916,1.17303942097
2013-05-20 15:00:00,-0.14912824,2.09298923931,1.49034902102
2013-05-20 15:30:00,-0.07503733,1.95440113989,1.67156457976
2013-05-20 16:00:00,-0.20856698,1.34816854298,1.38960247201
2013-05-20 16:30:00,,,2.0
2013-05-20 17:00:00,,,2.0
2013-05-20 17:30:00,,,2.0
2013-05-20 18:00:00,,,2.0
2013-05-20 18:30:00,,,2.0
2013-05-20 19:00:00,0.36843918,2.19024144876,2.0
2013-05-20 19:30:00,0.22417408,2.74587842393,2.0
2013-05-20 20:00:00,0.28042247,2.66875218163,2.0
2013-05-20 20:30:00,0.24811371,2.49334281338,2.0
2013-05-20 21:00:00,0.35765863,2.9033929202,2.0
2013-05-20 21:30:00,0.48794868,2.86474660689,2.0
2013-05-20 22:00:00,0.43383754,2.59425039406,2.0
2013-05-20 22:30:00,0.45415048,2.47670886175,2.0
2013-05-20 23:00:00,,,2.0
2013-05-20 23:30:00,0.4707415,4.45734981698,2.0
2013-05-21 00:00:00,,,2.0
2013-05-21 00:30:00,,,2.0
2013-05-21 01:00:00,,,2.0
2013-05-21 01:30:00,,,2.0
2013-05-21 02:00:00,,,2.0
2013-05-21 02:30:00,,,2.0
2013-05-21 03:00:00,,,2.0
2013-05-21 03:30:00,,,2.0
2013-05-21 04:00:00,,,2.0
2013-05-21 04:30:00,,,2.0
2013-05-21 05:00:00,,,2.0
2013-05-21 05:30:00,,,2.0
2013-05-21 06:00:00,,,2.0
2013-05-21 06:30:00,-0.32894481,8.71289527246,1.24706626482
2013-05-21 07:00:00,-0.46423292,3.99412582487,1.13926620505
2013-05-21 07:30:00,-0.36998198,2.40242731465,1.21008599071
2013-05-21 08:00:00,-0.42603071,2.34285064808,1.16594266009
2013-05-21 08:30:00,-0.13587843,2.38572993529,1.51716013202
2013-05-21 09:00:00,-0.14485671,4.69205517531,1.49878520378
2013-05-21 09:30:00,-0.10904027,1.8151915653,1.57801970232
2013-05-21 10:00:00,-0.14438459,1.66876828358,1.49972941535
2013-05-21 10:30:00,-0.10452396,1.42768950386,1.58926330171
2013-05-21 11:00:00,-0.18304063,1.64407187927,1.42946001288
2013-05-21 11:30:00,-0.054109127,1.67330761991,1.74174481973
2013-05-21 12:00:00,-0.053261068,1.88306642373,1.74484524205
2013-05-21 12:30:00,-0.1185579,1.5602898334,1.5553273626
2013-05-21 13:00:00,-0.18832951,1.82794580907,1.42082435223
2013-05-21 13:30:00,-0.099552162,2.3488366698,1.60202017549
2013-05-21 14:00:00,-0.33277846,1.26687012391,1.24341757749
2013-05-21 14:30:00,,,2.0
2013-05-21 15:00:00,,,2.0
2013-05-21 15:30:00,,,2.0
2013-05-21 16:00:00,,,2.0
2013-05-21 16:30:00,0.26220332,2.31036113045,2.0
2013-05-21 17:00:00,0.26023556,7.59655457688,2.0
2013-05-21 17:30:00,0.15712479,5.94621333236,2.0
2013-05-21 18:00:00,,,2.0
2013-05-21 18:30:00,0.095125779,3.99357183392,2.0
2013-05-21 19:00:00,0.27292089,2.95345294381,2.0
2013-05-21 19:30:00,,,2.0
2013-05-21 20:00:00,0.30798585,2.80049153383,2.0
2013-05-21 20:30:00,0.30774016,3.12723399866,2.0
2013-05-21 21:00:00,0.34293075,4.47330273493,2.0
2013-05-21 21:30:00,0.47214293,4.63549299229,2.0
2013-05-21 22:00:00,,,2.0
2013-05-21 22:30:00,,,2.0
2013-05-21 23:00:00,,,2.0
2013-05-21 23:30:00,,,2.0
2013-05-22 00:00:00,,,2.0
2013-05-22 00:30:00,,,2.0
2013-05-22 01:00:00,0.43980133,4.79149148853,2.0
2013-05-22 01:30:00,0.43910593,3.9185732311,2.0
2013-05-22 02:00:00,0.17458392,3.47092792656,2.0
2013-05-22 02:30:00,0.45954287,2.2234974794,2.0
2013-05-22 03:00:00,0.41046823,3.49179702346,2.0
2013-05-22 03:30:00,0.13862128,6.67697077419,2.0
2013-05-22 04:00:00,0.22765276,2.90466372418,2.0
2013-05-22 04:30:00,,,2.0
2013-05-22 05:00:00,,,2.0
2013-05-22 05:30:00,,,2.0
2013-05-22 06:00:00,,,2.0
2013-05-22 06:30:00,,,2.0
2013-05-22 07:00:00,-0.3741088,5.76038189009,1.20660351317
2013-05-22 07:30:00,-0.15727104,11.2669071538,1.47477861982
2013-05-22 08:00:00,-0.10172317,12.2554606027,1.59639946638
2013-05-22 08:30:00,-0.10876101,1.85329094319,1.57870574051
2013-05-22 09:00:00,-0.092441737,2.18626362342,1.62099989448
2013-05-22 09:30:00,-0.13010588,1.77226061556,1.52946314552
2013-05-22 10:00:00,-0.186404,1.60400291348,1.42394413339
2013-05-22 10:30:00,-0.50033505,1.14971891249,1.11616208744
2013-05-22 11:00:00,-0.31524874,3.60777708295,1.26046086018
2013-05-22 11:30:00,-1.0793231,2.36514959039,0.892482886445
2013-05-22 12:00:00,-0.94338025,1.23322033937,0.9294931286
2013-05-22 12:30:00,-0.2034962,1.59168727944,1.39716838813
2013-05-22 13:00:00,,,2.0
2013-05-22 13:30:00,,,2.0
2013-05-22 14:00:00,,,2.0
2013-05-22 14:30:00,,,2.0
2013-05-22 15:00:00,,,2.0
2013-05-22 15:30:00,,,2.0
2013-05-22 16:00:00,,,2.0
2013-05-22 16:30:00,,,2.0
2013-05-22 17:00:00,,,2.0
2013-05-22 17:30:00,,,2.0
2013-05-22 18:00:00,,,2.0
2013-05-22 18:30:00,,,2.0
2013-05-22 19:00:00,,,2.0
2013-05-22 19:30:00,,,2.0
2013-05-22 20:00:00,,,2.0
2013-05-22 20:30:00,,,2.0
2013-05-22 21:00:00,,,2.0
2013-05-22 21:30:00,,,2.0
2013-05-22 22:00:00,,,2.0
2013-05-22 22:30:00,,,2.0
2013-05-22 23:00:00,,,2.0
2013-05-22 23:30:00,,,2.0
2013-05-23 00:00:00,,,2.0
2013-05-23 00:30:00,,,2.0
2013-05-23 01:00:00,0.42938721,5.57807055987,2.0
2013-05-23 01:30:00,,,2.0
2013-05-23 02:00:00,0.14188832,2.7084213529,2.0
2013-05-23 02:30:00,0.10003761,3.94943196626,2.0
2013-05-23 03:00:00,,,2.0
2013-05-23 03:30:00,,,2.0
2013-05-23 04:00:00,,,2.0
2013-05-23 04:30:00,,,2.0
2013-05-23 05:00:00,,,2.0
2013-05-23 05:30:00,,,2.0
2013-05-23 06:00:00,,,2.0
2013-05-23 06:30:00,,,2.0
2013-05-23 07:00:00,0.015049453,2.76804734253,2.0
2013-05-23 07:30:00,,,2.0
2013-05-23 08:00:00,,,2.0
2013-05-23 08:30:00,,,2.0
2013-05-23 09:00:00,,,2.0
2013-05-23 09:30:00,,,2.0
2013-05-23 10:00:00,,,2.0
2013-05-23 10:30:00,,,2.0
2013-05-23 11:00:00,,,2.0
2013-05-23 11:30:00,,,2.0
2013-05-23 12:00:00,,,2.0
2013-05-23 12:30:00,,,2.0
2013-05-23 13:00:00,,,2.0
2013-05-23 13:30:00,,,2.0
2013-05-23 14:00:00,,,2.0
2013-05-23 14:30:00,-1.0322883,0.915995658458,0.904617760596
2013-05-23 15:00:00,,,2.0
2013-05-23 15:30:00,,,2.0
2013-05-23 16:00:00,,,2.0
2013-05-23 16:30:00,,,2.0
2013-05-23 17:00:00,,,2.0
2013-05-23 17:30:00,,,2.0
2013-05-23 18:00:00,,,2.0
2013-05-23 18:30:00,,,2.0
2013-05-23 19:00:00,0.23025678,3.18633576681,2.0
2013-05-23 19:30:00,,,2.0
2013-05-23 20:00:00,,,2.0
2013-05-23 20:30:00,,,2.0
2013-05-23 21:00:00,,,2.0
2013-05-23 21:30:00,,,2.0
2013-05-23 22:00:00,,,2.0
2013-05-23 22:30:00,,,2.0
2013-05-23 23:00:00,,,2.0
2013-05-23 23:30:00,,,2.0
2013-05-24 00:00:00,,,2.0
2013-05-24 00:30:00,,,2.0
2013-05-24 01:00:00,,,2.0
2013-05-24 01:30:00,,,2.0
2013-05-24 02:00:00,,,2.0
2013-05-24 02:30:00,,,2.0
2013-05-24 03:00:00,,,2.0
2013-05-24 03:30:00,,,2.0
2013-05-24 04:00:00,,,2.0
2013-05-24 04:30:00,,,2.0
2013-05-24 05:00:00,,,2.0
2013-05-24 05:30:00,,,2.0
2013-05-24 06:00:00,,,2.0
2013-05-24 06:30:00,0.28564059,6.03652637499,2.0
2013-05-24 07:00:00,,,2.0
2013-05-24 07:30:00,,,2.0
2013-05-24 08:00:00,,,2.0
2013-05-24 08:30:00,,,2.0
2013-05-24 09:00:00,,,2.0
2013-05-24 09:30:00,,,2.0
2013-05-24 10:00:00,,,2.0
2013-05-24 10:30:00,,,2.0
2013-05-24 11:00:00,,,2.0
2013-05-24 11:30:00,-0.22131388,10.8564205688,1.37128243167
2013-05-24 12:00:00,-0.18797041,10.9371965128,1.42140410611
2013-05-24 12:30:00,,,2.0
2013-05-24 13:00:00,,,2.0
2013-05-24 13:30:00,-0.83923535,1.08423511751,0.96247258626
2013-05-24 14:00:00,,,2.0
2013-05-24 14:30:00,,,2.0
2013-05-24 15:00:00,,,2.0
2013-05-24 15:30:00,,,2.0
2013-05-24 16:00:00,,,2.0
2013-05-24 16:30:00,,,2.0
2013-05-24 17:00:00,,,2.0
2013-05-24 17:30:00,,,2.0
2013-05-24 18:00:00,,,2.0
2013-05-24 18:30:00,,,2.0
2013-05-24 19:00:00,,,2.0
2013-05-24 19:30:00,,,2.0
2013-05-24 20:00:00,,,2.0
2013-05-24 20:30:00,,,2.0
2013-05-24 21:00:00,,,2.0
2013-05-24 21:30:00,,,2.0
2013-05-24 22:00:00,,,2.0
2013-05-24 22:30:00,,,2.0
2013-05-24 23:00:00,,,2.0
2013-05-24 23:30:00,,,2.0
2013-05-25 00:00:00,,,2.0
2013-05-25 00:30:00,,,2.0
2013-05-25 01:00:00,,,2.0
2013-05-25 01:30:00,,,2.0
2013-05-25 02:00:00,,,2.0
2013-05-25 02:30:00,,,2.0
2013-05-25 03:00:00,,,2.0
2013-05-25 03:30:00,,,2.0
2013-05-25 04:00:00,,,2.0
2013-05-25 04:30:00,,,2.0
2013-05-25 05:00:00,,,2.0
2013-05-25 05:30:00,0.13708425,4.85947637453,2.0
2013-05-25 06:00:00,,,2.0
2013-05-25 06:30:00,,,2.0
2013-05-25 07:00:00,,,2.0
2013-05-25 07:30:00,-0.8293245,3.11384538567,0.965862815829
2013-05-25 08:00:00,-0.60773334,6.81194391266,1.05704382863
2013-05-25 08:30:00,,,2.0
2013-05-25 09:00:00,,,2.0
2013-05-25 09:30:00,-0.50112267,11.7104246019,1.11567862601
2013-05-25 10:00:00,-0.2900541,1.52544752441,1.28668884494
2013-05-25 10:30:00,-0.33982223,1.50984818248,1.23682336701
2013-05-25 11:00:00,,,2.0
2013-05-25 11:30:00,,,2.0
2013-05-25 12:00:00,,,2.0
2013-05-25 12:30:00,,,2.0
2013-05-25 13:00:00,,,2.0
2013-05-25 13:30:00,,,2.0
2013-05-25 14:00:00,,,2.0
2013-05-25 14:30:00,-0.66117667,7.14233756133,1.03188057977
2013-05-25 15:00:00,-0.48897161,2.10773394335,1.12323193144
2013-05-25 15:30:00,-1.7143943,1.04769971102,0.773497498132
2013-05-25 16:00:00,,,2.0
2013-05-25 16:30:00,,,2.0
2013-05-25 17:00:00,,,2.0
2013-05-25 17:30:00,,,2.0
2013-05-25 18:00:00,,,2.0
2013-05-25 18:30:00,,,2.0
2013-05-25 19:00:00,,,2.0
2013-05-25 19:30:00,,,2.0
2013-05-25 20:00:00,,,2.0
2013-05-25 20:30:00,,,2.0
2013-05-25 21:00:00,,,2.0
2013-05-25 21:30:00,,,2.0
2013-05-25 22:00:00,,,2.0
2013-05-25 22:30:00,,,2.0
2013-05-25 23:00:00,,,2.0
2013-05-25 23:30:00,0.76371572,2.95466050925,2.0
2013-05-26 00:00:00,0.41925665,3.71325167464,2.0
2013-05-26 00:30:00,,,2.0
2013-05-26 01:00:00,,,2.0
2013-05-26 01:30:00,,,2.0
2013-05-26 02:00:00,,,2.0
2013-05-26 02:30:00,,,2.0
2013-05-26 03:00:00,,,2.0
2013-05-26 03:30:00,,,2.0
2013-05-26 04:00:00,,,2.0
2013-05-26 04:30:00,,,2.0
2013-05-26 05:00:00,,,2.0
2013-05-26 05:30:00,,,2.0
2013-05-26 06:00:00,,,2.0
2013-05-26 06:30:00,,,2.0
2013-05-26 07:00:00,,,2.0
2013-05-26 07:30:00,,,2.0
2013-05-26 08:00:00,,,2.0
2013-05-26 08:30:00,-1.2690443,6.92374158609,0.849364605994
2013-05-26 09:00:00,,,2.0
2013-05-26 09:30:00,,,2.0
2013-05-26 10:00:00,,,2.0
2013-05-26 10:30:00,-0.47268215,1.42209988356,1.13368712153
2013-05-26 11:00:00,-0.45496001,1.57952601649,1.14551761597
2013-05-26 11:30:00,,,2.0
2013-05-26 12:00:00,,,2.0
2013-05-26 12:30:00,,,2.0
2013-05-26 13:00:00,,,2.0
2013-05-26 13:30:00,,,2.0
2013-05-26 14:00:00,,,2.0
2013-05-26 14:30:00,,,2.0
2013-05-26 15:00:00,,,2.0
2013-05-26 15:30:00,,,2.0
2013-05-26 16:00:00,,,2.0
2013-05-26 16:30:00,,,2.0
2013-05-26 17:00:00,,,2.0
2013-05-26 17:30:00,0.098845546,4.69869512873,2.0
2013-05-26 18:00:00,0.21149413,152.324970014,2.0
2013-05-26 18:30:00,,,2.0
2013-05-26 19:00:00,,,2.0
2013-05-26 19:30:00,,,2.0
2013-05-26 20:00:00,,,2.0
2013-05-26 20:30:00,,,2.0
2013-05-26 21:00:00,,,2.0
2013-05-26 21:30:00,0.48185057,3.25903312517,2.0
2013-05-26 22:00:00,0.87155526,2.30951246731,2.0
2013-05-26 22:30:00,,,2.0
2013-05-26 23:00:00,,,2.0
2013-05-26 23:30:00,,,2.0
2013-05-27 00:00:00,0.27816529,3.74060166973,2.0
2013-05-27 00:30:00,0.50800996,4.60058874271,2.0
2013-05-27 01:00:00,,,2.0
2013-05-27 01:30:00,,,2.0
2013-05-27 02:00:00,,,2.0
2013-05-27 02:30:00,,,2.0
2013-05-27 03:00:00,,,2.0
2013-05-27 03:30:00,,,2.0
2013-05-27 04:00:00,,,2.0
2013-05-27 04:30:00,,,2.0
2013-05-27 05:00:00,,,2.0
2013-05-27 05:30:00,,,2.0
2013-05-27 06:00:00,,,2.0
2013-05-27 06:30:00,,,2.0
2013-05-27 07:00:00,,,2.0
2013-05-27 07:30:00,,,2.0
2013-05-27 08:00:00,,,2.0
2013-05-27 08:30:00,,,2.0
2013-05-27 09:00:00,,,2.0
2013-05-27 09:30:00,,,2.0
2013-05-27 10:00:00,,,2.0
2013-05-27 10:30:00,,,2.0
2013-05-27 11:00:00,,,2.0
2013-05-27 11:30:00,-0.43297361,4.69934649716,1.16090765059
2013-05-27 12:00:00,-0.068237496,1.69410464383,1.69312265912
2013-05-27 12:30:00,,,2.0
2013-05-27 13:00:00,-0.10594536,7.33889077142,1.58569011026
2013-05-27 13:30:00,-0.24385037,1.60273064592,1.3411166922
2013-05-27 14:00:00,,,2.0
2013-05-27 14:30:00,-0.13563771,7.91128647903,1.51766530414
2013-05-27 15:00:00,-0.56558092,4.13181550257,1.07873539906
2013-05-27 15:30:00,,,2.0
2013-05-27 16:00:00,-0.23249135,1.64607327006,1.3559855948
2013-05-27 16:30:00,,,2.0
2013-05-27 17:00:00,,,2.0
2013-05-27 17:30:00,,,2.0
2013-05-27 18:00:00,0.71284743,5.20835933433,2.0
2013-05-27 18:30:00,,,2.0
2013-05-27 19:00:00,,,2.0
2013-05-27 19:30:00,,,2.0
2013-05-27 20:00:00,,,2.0
2013-05-27 20:30:00,,,2.0
2013-05-27 21:00:00,,,2.0
2013-05-27 21:30:00,,,2.0
2013-05-27 22:00:00,,,2.0
2013-05-27 22:30:00,,,2.0
2013-05-27 23:00:00,,,2.0
2013-05-27 23:30:00,,,2.0
2013-05-28 00:00:00,,,2.0
2013-05-28 00:30:00,,,2.0
2013-05-28 01:00:00,,,2.0
2013-05-28 01:30:00,,,2.0
2013-05-28 02:00:00,,,2.0
2013-05-28 02:30:00,,,2.0
2013-05-28 03:00:00,,,2.0
2013-05-28 03:30:00,,,2.0
2013-05-28 04:00:00,,,2.0
2013-05-28 04:30:00,0.68331351,2.7869254501,2.0
2013-05-28 05:00:00,0.26936732,2.43295216283,2.0
2013-05-28 05:30:00,0.19686682,3.0172887365,2.0
2013-05-28 06:00:00,0.1798471,3.82325463826,2.0
2013-05-28 06:30:00,,,2.0
2013-05-28 07:00:00,-0.45611119,21.3839115707,1.14473406313
2013-05-28 07:30:00,-0.26205655,5.0533775467,1.31858273149
2013-05-28 08:00:00,-0.11779192,4.57363885245,1.55710568053
2013-05-28 08:30:00,-0.34970779,12.4817783635,1.2277998387
2013-05-28 09:00:00,-1.2157439,12.8929371865,0.860637795639
2013-05-28 09:30:00,,,2.0
2013-05-28 10:00:00,-0.14807353,7.66709877583,1.49241440111
2013-05-28 10:30:00,-0.14678937,2.28307340084,1.49494463206
2013-05-28 11:00:00,-0.19398175,1.58197878321,1.41182175885
2013-05-28 11:30:00,,,2.0
2013-05-28 12:00:00,-0.22937832,2.4185774232,1.36017734619
2013-05-28 12:30:00,,,2.0
2013-05-28 13:00:00,-0.12762797,1.6459326803,1.53486840335
2013-05-28 13:30:00,-0.26054923,1.31324854308,1.32039131112
2013-05-28 14:00:00,-0.13370871,1.31432228032,1.52173793735
2013-05-28 14:30:00,-0.29360734,1.38801557491,1.28285672582
2013-05-28 15:00:00,,,2.0
2013-05-28 15:30:00,,,2.0
2013-05-28 16:00:00,,,2.0
2013-05-28 16:30:00,,,2.0
2013-05-28 17:00:00,,,2.0
2013-05-28 17:30:00,,,2.0
2013-05-28 18:00:00,,,2.0
2013-05-28 18:30:00,,,2.0
2013-05-28 19:00:00,,,2.0
2013-05-28 19:30:00,,,2.0
2013-05-28 20:00:00,,,2.0
2013-05-28 20:30:00,,,2.0
2013-05-28 21:00:00,,,2.0
2013-05-28 21:30:00,,,2.0
2013-05-28 22:00:00,,,2.0
2013-05-28 22:30:00,,,2.0
2013-05-28 23:00:00,,,2.0
2013-05-28 23:30:00,,,2.0
2013-05-29 00:00:00,,,2.0
2013-05-29 00:30:00,,,2.0
2013-05-29 01:00:00,,,2.0
2013-05-29 01:30:00,,,2.0
2013-05-29 02:00:00,,,2.0
2013-05-29 02:30:00,,,2.0
2013-05-29 03:00:00,0.50864017,5.4747360358,2.0
2013-05-29 03:30:00,0.3024312,5.90520867719,2.0
2013-05-29 04:00:00,0.23457208,6.13938841589,2.0
2013-05-29 04:30:00,0.26672748,4.08979706281,2.0
2013-05-29 05:00:00,0.1068112,3.02200607658,2.0
2013-05-29 05:30:00,0.1174223,6.50364133716,2.0
2013-05-29 06:00:00,0.4150951,3.79685084914,2.0
2013-05-29 06:30:00,,,2.0
2013-05-29 07:00:00,-0.14170286,32.4178031795,1.50513825548
2013-05-29 07:30:00,-0.1648488,7.92423459853,1.46085638678
2013-05-29 08:00:00,-3.7199049,10.2942495154,0.603816931833
2013-05-29 08:30:00,-1.313599,250.507475005,0.840379388031
2013-05-29 09:00:00,-0.62656548,2.37467738646,1.04789795738
2013-05-29 09:30:00,-1.0955323,1.0668615783,0.888448888574
2013-05-29 10:00:00,-1.2910365,1.22836680684,0.844881725739
2013-05-29 10:30:00,-10.508018,0.516153234297,0.429706811001
2013-05-29 11:00:00,,,2.0
2013-05-29 11:30:00,,,2.0
2013-05-29 12:00:00,,,2.0
2013-05-29 12:30:00,,,2.0
2013-05-29 13:00:00,,,2.0
2013-05-29 13:30:00,,,2.0
2013-05-29 14:00:00,,,2.0
2013-05-29 14:30:00,,,2.0
2013-05-29 15:00:00,,,2.0
2013-05-29 15:30:00,,,2.0
2013-05-29 16:00:00,,,2.0
2013-05-29 16:30:00,,,2.0
2013-05-29 17:00:00,,,2.0
2013-05-29 17:30:00,,,2.0
2013-05-29 18:00:00,,,2.0
2013-05-29 18:30:00,,,2.0
2013-05-29 19:00:00,,,2.0
2013-05-29 19:30:00,,,2.0
2013-05-29 20:00:00,,,2.0
2013-05-29 20:30:00,,,2.0
2013-05-29 21:00:00,,,2.0
2013-05-29 21:30:00,,,2.0
2013-05-29 22:00:00,0.90078438,5.45142482077,2.0
2013-05-29 22:30:00,,,2.0
2013-05-29 23:00:00,,,2.0
2013-05-29 23:30:00,,,2.0
2013-05-30 00:00:00,,,2.0
2013-05-30 00:30:00,,,2.0
2013-05-30 01:00:00,,,2.0
2013-05-30 01:30:00,,,2.0
2013-05-30 02:00:00,0.64062586,9.90639050324,2.0
2013-05-30 02:30:00,,,2.0
2013-05-30 03:00:00,,,2.0
2013-05-30 03:30:00,,,2.0
2013-05-30 04:00:00,,,2.0
2013-05-30 04:30:00,,,2.0
2013-05-30 05:00:00,,,2.0
2013-05-30 05:30:00,,,2.0
2013-05-30 06:00:00,0.27465825,5.40861060567,2.0
2013-05-30 06:30:00,0.034923787,5.56695235267,2.0
2013-05-30 07:00:00,-0.080184337,9.0784913991,1.65595476895
2013-05-30 07:30:00,-0.16613138,4691.17938173,1.45855147115
2013-05-30 08:00:00,-0.49257946,2.80024554289,1.12096788428
2013-05-30 08:30:00,-0.17637384,3.27581142576,1.44065135418
2013-05-30 09:00:00,-0.17520488,1.76624488353,1.44265007218
2013-05-30 09:30:00,-0.15702733,1.50151286405,1.47523524718
2013-05-30 10:00:00,-0.13151598,2.00971851765,1.52642094128
2013-05-30 10:30:00,-0.12019783,1.71951746481,1.55154720047
2013-05-30 11:00:00,-0.09151648,1.62293085501,1.62353656763
2013-05-30 11:30:00,-0.10431673,1.63275317166,1.58978694379
2013-05-30 12:00:00,-0.059365398,1.80764983458,1.72300711579
2013-05-30 12:30:00,-0.13785056,1.51762871276,1.5130466056
2013-05-30 13:00:00,-0.08527933,1.65554530683,1.64106147436
2013-05-30 13:30:00,-0.13777805,1.53704909612,1.51319706033
2013-05-30 14:00:00,-0.097629272,1.47367540374,1.60706525902
2013-05-30 14:30:00,-0.055460536,1.7601811597,1.73684938351
2013-05-30 15:00:00,-0.12297551,1.6861290352,1.5452273483
2013-05-30 15:30:00,-0.24690722,1.6164446712,1.33722509893
2013-05-30 16:00:00,-0.21980552,1.84867234559,1.37340013452
2013-05-30 16:30:00,,,2.0
2013-05-30 17:00:00,,,2.0
2013-05-30 17:30:00,,,2.0
2013-05-30 18:00:00,,,2.0
2013-05-30 18:30:00,,,2.0
2013-05-30 19:00:00,,,2.0
2013-05-30 19:30:00,,,2.0
2013-05-30 20:00:00,,,2.0
2013-05-30 20:30:00,0.67841279,2.74330524989,2.0
2013-05-30 21:00:00,1.1948138,3.00760895712,2.0
2013-05-30 21:30:00,,,2.0
2013-05-30 22:00:00,1.2384848,2.79150932395,2.0
2013-05-30 22:30:00,,,2.0
2013-05-30 23:00:00,,,2.0
2013-05-30 23:30:00,,,2.0
2013-05-31 00:00:00,,,2.0
2013-05-31 00:30:00,,,2.0
2013-05-31 01:00:00,,,2.0
2013-05-31 01:30:00,,,2.0
2013-05-31 02:00:00,,,2.0
2013-05-31 02:30:00,,,2.0
2013-05-31 03:00:00,,,2.0
2013-05-31 03:30:00,,,2.0
2013-05-31 04:00:00,,,2.0
2013-05-31 04:30:00,,,2.0
2013-05-31 05:00:00,,,2.0
2013-05-31 05:30:00,,,2.0
2013-05-31 06:00:00,,,2.0
2013-05-31 06:30:00,,,2.0
2013-05-31 07:00:00,-0.2402427,4.57792348166,1.34576838701
2013-05-31 07:30:00,-0.49030061,13.9769127578,1.12239581219
2013-05-31 08:00:00,-0.33689464,2.05535379541,1.23954709256
2013-05-31 08:30:00,-0.22166412,7.59058468342,1.37079256781
2013-05-31 09:00:00,-0.098218687,1.96346787028,1.60551205831
2013-05-31 09:30:00,-0.16026429,1.30569866337,1.46921601433
2013-05-31 10:00:00,-0.13908619,1.60891340854,1.51049189445
2013-05-31 10:30:00,-0.35111949,1.57295189631,1.22653257225
2013-05-31 11:00:00,-0.76642931,1.17380020504,0.988555437919
2013-05-31 11:30:00,-0.58865102,1.33632343334,1.0666457491
2013-05-31 12:00:00,-0.061150011,1.67924861439,1.7168257969
2013-05-31 12:30:00,-0.24745162,1.3135649043,1.33653676164
2013-05-31 13:00:00,-0.11131774,1.75277896675,1.57246894516
2013-05-31 13:30:00,-0.13783329,1.55171191863,1.51308243458
2013-05-31 14:00:00,0.029303874,1.76775038619,2.0
2013-05-31 14:30:00,-0.12471353,1.52953068268,1.54132488024
2013-05-31 15:00:00,-0.062727533,1.65207700401,1.71143491778
2013-05-31 15:30:00,-0.069187199,1.92131476528,1.69004462887
2013-05-31 16:00:00,-0.075477408,1.69914276775,1.67020680184
2013-05-31 16:30:00,,,2.0
2013-05-31 17:00:00,0.13651869,12.0616581979,2.0
2013-05-31 17:30:00,,,2.0
2013-05-31 18:00:00,,,2.0
2013-05-31 18:30:00,,,2.0
2013-05-31 19:00:00,,,2.0
2013-05-31 19:30:00,,,2.0
2013-05-31 20:00:00,0.58669035,5.05226448394,2.0
2013-05-31 20:30:00,,,2.0
2013-05-31 21:00:00,,,2.0
2013-05-31 21:30:00,1.3915676,2.18895525485,2.0
2013-05-31 22:00:00,1.4432392,3.29545786435,2.0
2013-05-31 22:30:00,0.74819416,4.29526314629,2.0
2013-05-31 23:00:00,,,2.0
2013-05-31 23:30:00,,,2.0
2013-06-01 00:00:00,,,2.0
2013-06-01 00:30:00,,,2.0
2013-06-01 01:00:00,,,2.0
2013-06-01 01:30:00,,,2.0
2013-06-01 02:00:00,,,2.0
2013-06-01 02:30:00,,,2.0
2013-06-01 03:00:00,,,2.0
2013-06-01 03:30:00,,,2.0
2013-06-01 04:00:00,,,2.0
2013-06-01 04:30:00,,,2.0
2013-06-01 05:00:00,,,2.0
2013-06-01 05:30:00,,,2.0
2013-06-01 06:00:00,,,2.0
2013-06-01 06:30:00,,,2.0
2013-06-01 07:00:00,,,2.0
2013-06-01 07:30:00,,,2.0
2013-06-01 08:00:00,,,2.0
2013-06-01 08:30:00,,,2.0
2013-06-01 09:00:00,-0.4409742,7.01967072776,1.1552119186
2013-06-01 09:30:00,-0.33997018,4.27119177038,1.236686354
2013-06-01 10:00:00,-0.16171133,6.85677588927,1.46655675019
2013-06-01 10:30:00,-0.089002971,29.5758710198,1.63050861769
2013-06-01 11:00:00,-0.12873599,2.04486406632,1.53244196108
2013-06-01 11:30:00,,,2.0
2013-06-01 12:00:00,,,2.0
2013-06-01 12:30:00,-0.13684658,2.83675855313,1.51513515384
2013-06-01 13:00:00,-0.11356989,3.53327591634,1.56705590697
2013-06-01 13:30:00,-0.095680635,2.15385429362,1.61224335417
2013-06-01 14:00:00,-0.10861067,1.47708261087,1.57907556452
2013-06-01 14:30:00,-0.11493274,1.90366350592,1.56381624109
2013-06-01 15:00:00,,,2.0
2013-06-01 15:30:00,,,2.0
2013-06-01 16:00:00,,,2.0
2013-06-01 16:30:00,-0.15647519,2.19462934947,1.47627186041
2013-06-01 17:00:00,,,2.0
2013-06-01 17:30:00,,,2.0
2013-06-01 18:00:00,1.0948197,3.83688281173,2.0
2013-06-01 18:30:00,,,2.0
2013-06-01 19:00:00,0.78330351,5.4543814617,2.0
2013-06-01 19:30:00,0.93321751,5.25143815076,2.0
2013-06-01 20:00:00,0.94105546,3.77720972067,2.0
2013-06-01 20:30:00,,,2.0
2013-06-01 21:00:00,,,2.0
2013-06-01 21:30:00,1.1948837,3.28521062611,2.0
2013-06-01 22:00:00,,,2.0
2013-06-01 22:30:00,,,2.0
2013-06-01 23:00:00,,,2.0
2013-06-01 23:30:00,1.2106967,4.16409368982,2.0
2013-06-02 00:00:00,1.2210589,3.8979894101,2.0
2013-06-02 00:30:00,,,2.0
2013-06-02 01:00:00,,,2.0
2013-06-02 01:30:00,,,2.0
2013-06-02 02:00:00,,,2.0
2013-06-02 02:30:00,,,2.0
2013-06-02 03:00:00,,,2.0
2013-06-02 03:30:00,,,2.0
2013-06-02 04:00:00,,,2.0
2013-06-02 04:30:00,,,2.0
2013-06-02 05:00:00,,,2.0
2013-06-02 05:30:00,,,2.0
2013-06-02 06:00:00,,,2.0
2013-06-02 06:30:00,,,2.0
2013-06-02 07:00:00,-0.31697796,2.93325034074,1.25873783492
2013-06-02 07:30:00,-1.2767468,20.4037196872,0.847783714631
2013-06-02 08:00:00,,,2.0
2013-06-02 08:30:00,-0.76886132,2.93997333088,0.987637792177
2013-06-02 09:00:00,,,2.0
2013-06-02 09:30:00,-1.1844774,1.74350637051,0.867537003805
2013-06-02 10:00:00,-4.0883777,1.09435800751,0.585587389361
2013-06-02 10:30:00,-0.4595735,1.2288456891,1.14239028811
2013-06-02 11:00:00,-0.24181868,1.86195647093,1.34372840484
2013-06-02 11:30:00,-0.20789087,2.88275996346,1.39060181919
2013-06-02 12:00:00,-0.23726946,1.58153009055,1.34965100568
2013-06-02 12:30:00,-0.21852377,1.89372708446,1.37521000567
2013-06-02 13:00:00,-0.43666537,1.55870222448,1.15826550549
2013-06-02 13:30:00,-0.25394191,1.34699431224,1.32843805714
2013-06-02 14:00:00,-0.81233114,0.9974639711,0.971788805396
2013-06-02 14:30:00,-1.5845962,0.956521190447,0.792815149411
2013-06-02 15:00:00,,,2.0
2013-06-02 15:30:00,,,2.0
2013-06-02 16:00:00,,,2.0
2013-06-02 16:30:00,,,2.0
2013-06-02 17:00:00,,,2.0
2013-06-02 17:30:00,,,2.0
2013-06-02 18:00:00,,,2.0
2013-06-02 18:30:00,,,2.0
2013-06-02 19:00:00,,,2.0
2013-06-02 19:30:00,,,2.0
2013-06-02 20:00:00,0.063302673,5.76937121941,2.0
2013-06-02 20:30:00,0.14585928,2.82115396402,2.0
2013-06-02 21:00:00,0.48992551,4.91944533164,2.0
2013-06-02 21:30:00,0.22461659,2.86855120124,2.0
2013-06-02 22:00:00,0.37972415,2.98052917214,2.0
2013-06-02 22:30:00,0.36531881,2.73631937312,2.0
2013-06-02 23:00:00,,,2.0
2013-06-02 23:30:00,0.44310029,2.42367434716,2.0
2013-06-03 00:00:00,,,2.0
2013-06-03 00:30:00,,,2.0
2013-06-03 01:00:00,,,2.0
2013-06-03 01:30:00,,,2.0
2013-06-03 02:00:00,,,2.0
2013-06-03 02:30:00,,,2.0
2013-06-03 03:00:00,,,2.0
2013-06-03 03:30:00,,,2.0
2013-06-03 04:00:00,,,2.0
2013-06-03 04:30:00,,,2.0
2013-06-03 05:00:00,,,2.0
2013-06-03 05:30:00,,,2.0
2013-06-03 06:00:00,,,2.0
2013-06-03 06:30:00,,,2.0
2013-06-03 07:00:00,,,2.0
2013-06-03 07:30:00,,,2.0
2013-06-03 08:00:00,,,2.0
2013-06-03 08:30:00,-0.29703576,2.14707328299,1.27920212573
2013-06-03 09:00:00,-0.28883554,2.28918754211,1.28801363519
2013-06-03 09:30:00,-0.31312854,6.42266185866,1.26258640236
2013-06-03 10:00:00,-1.3174558,6.43640006711,0.839619315584
2013-06-03 10:30:00,-1.5454166,1.29483260885,0.799038769796
2013-06-03 11:00:00,-0.61405328,1.63032987455,1.05393897603
2013-06-03 11:30:00,-0.39246991,1.88528011713,1.19158024797
2013-06-03 12:00:00,-0.35577305,1.08907395984,1.22239185957
2013-06-03 12:30:00,-0.16786757,1.60938940285,1.45545441063
2013-06-03 13:00:00,-0.3147459,1.56401381016,1.26096367265
2013-06-03 13:30:00,-0.2707188,1.46424444548,1.30837767631
2013-06-03 14:00:00,-0.26526703,1.440429753,1.3147633673
2013-06-03 14:30:00,-0.14340401,1.49762085946,1.50169814578
2013-06-03 15:00:00,-0.056052811,1.63051977978,1.73472115032
2013-06-03 15:30:00,-0.11408821,1.51658221562,1.56582063313
2013-06-03 16:00:00,-0.17745529,1.76636589627,1.43881208831
2013-06-03 16:30:00,,,2.0
2013-06-03 17:00:00,0.13331887,2.84471899452,2.0
2013-06-03 17:30:00,,,2.0
2013-06-03 18:00:00,,,2.0
2013-06-03 18:30:00,,,2.0
2013-06-03 19:00:00,0.6919474,3.96456403944,2.0
2013-06-03 19:30:00,,,2.0
2013-06-03 20:00:00,,,2.0
2013-06-03 20:30:00,1.0958763,3.04569719445,2.0
2013-06-03 21:00:00,,,2.0
2013-06-03 21:30:00,,,2.0
2013-06-03 22:00:00,,,2.0
2013-06-03 22:30:00,,,2.0
2013-06-03 23:00:00,,,2.0
2013-06-03 23:30:00,,,2.0
2013-06-04 00:00:00,,,2.0
2013-06-04 00:30:00,,,2.0
2013-06-04 01:00:00,,,2.0
2013-06-04 01:30:00,,,2.0
2013-06-04 02:00:00,,,2.0
2013-06-04 02:30:00,,,2.0
2013-06-04 03:00:00,,,2.0
2013-06-04 03:30:00,,,2.0
2013-06-04 04:00:00,,,2.0
2013-06-04 04:30:00,,,2.0
2013-06-04 05:00:00,,,2.0
2013-06-04 05:30:00,,,2.0
2013-06-04 06:00:00,,,2.0
2013-06-04 06:30:00,,,2.0
2013-06-04 07:00:00,,,2.0
2013-06-04 07:30:00,-1.2015373,26.1055847884,0.863745308018
2013-06-04 08:00:00,-0.38538974,8.50312049032,1.19728443838
2013-06-04 08:30:00,-0.3717246,11.6354014337,1.20861055574
2013-06-04 09:00:00,-0.50130099,6.7918471783,1.11556928483
2013-06-04 09:30:00,-0.41586656,6.38809751301,1.17347411432
2013-06-04 10:00:00,,,2.0
2013-06-04 10:30:00,,,2.0
2013-06-04 11:00:00,,,2.0
2013-06-04 11:30:00,-1.2990315,1.74774577346,0.843275299092
2013-06-04 12:00:00,,,2.0
2013-06-04 12:30:00,,,2.0
2013-06-04 13:00:00,,,2.0
2013-06-04 13:30:00,,,2.0
2013-06-04 14:00:00,,,2.0
2013-06-04 14:30:00,,,2.0
2013-06-04 15:00:00,,,2.0
2013-06-04 15:30:00,,,2.0
2013-06-04 16:00:00,-0.98538151,1.2258718015,0.917404854186
2013-06-04 16:30:00,-0.41885392,1.56666469051,1.17124034421
2013-06-04 17:00:00,,,2.0
2013-06-04 17:30:00,,,2.0
2013-06-04 18:00:00,,,2.0
2013-06-04 18:30:00,,,2.0
2013-06-04 19:00:00,,,2.0
2013-06-04 19:30:00,0.67469012,4.0744166033,2.0
2013-06-04 20:00:00,0.86074778,4.07303595879,2.0
2013-06-04 20:30:00,,,2.0
2013-06-04 21:00:00,,,2.0
2013-06-04 21:30:00,,,2.0
2013-06-04 22:00:00,,,2.0
2013-06-04 22:30:00,,,2.0
2013-06-04 23:00:00,,,2.0
2013-06-04 23:30:00,,,2.0
2013-06-05 00:00:00,,,2.0
2013-06-05 00:30:00,,,2.0
2013-06-05 01:00:00,,,2.0
2013-06-05 01:30:00,,,2.0
2013-06-05 02:00:00,,,2.0
2013-06-05 02:30:00,,,2.0
2013-06-05 03:00:00,,,2.0
2013-06-05 03:30:00,,,2.0
2013-06-05 04:00:00,,,2.0
2013-06-05 04:30:00,,,2.0
2013-06-05 05:00:00,,,2.0
2013-06-05 05:30:00,,,2.0
2013-06-05 06:00:00,,,2.0
2013-06-05 06:30:00,,,2.0
2013-06-05 07:00:00,-0.69856388,19.4868608281,1.0156278246
2013-06-05 07:30:00,-0.48413736,3.60818819003,1.12629448147
2013-06-05 08:00:00,-0.37188825,3.67251644027,1.20847236638
2013-06-05 08:30:00,-0.3306249,5.25067002048,1.24546196818
2013-06-05 09:00:00,-0.4220473,10.4324472663,1.16887122044
2013-06-05 09:30:00,-0.196263,14.307129282,1.40825227859
2013-06-05 10:00:00,-0.23974046,1.76447446173,1.34642110577
2013-06-05 10:30:00,-0.14883816,1.80612223209,1.49091592879
2013-06-05 11:00:00,-0.19170426,2.01410497956,1.41542173286
2013-06-05 11:30:00,-0.26189136,1.53890734659,1.31878045389
2013-06-05 12:00:00,-0.36292604,1.28995540246,1.2161346544
2013-06-05 12:30:00,-0.17815396,1.72799340749,1.43762881232
2013-06-05 13:00:00,-0.44225918,1.53303562112,1.15430748854
2013-06-05 13:30:00,,,2.0
2013-06-05 14:00:00,,,2.0
2013-06-05 14:30:00,,,2.0
2013-06-05 15:00:00,-0.74683574,1.07746952156,0.996075197125
2013-06-05 15:30:00,,,2.0
2013-06-05 16:00:00,0.021027446,1.95220680156,2.0
2013-06-05 16:30:00,,,2.0
2013-06-05 17:00:00,,,2.0
2013-06-05 17:30:00,,,2.0
2013-06-05 18:00:00,,,2.0
2013-06-05 18:30:00,,,2.0
2013-06-05 19:00:00,,,2.0
2013-06-05 19:30:00,,,2.0
2013-06-05 20:00:00,1.0155243,4.02357177485,2.0
2013-06-05 20:30:00,,,2.0
2013-06-05 21:00:00,,,2.0
2013-06-05 21:30:00,0.55473568,5.22069676817,2.0
2013-06-05 22:00:00,,,2.0
2013-06-05 22:30:00,,,2.0
2013-06-05 23:00:00,,,2.0
2013-06-05 23:30:00,,,2.0
2013-06-06 00:00:00,,,2.0
2013-06-06 00:30:00,,,2.0
2013-06-06 01:00:00,,,2.0
2013-06-06 01:30:00,,,2.0
2013-06-06 02:00:00,,,2.0
2013-06-06 02:30:00,,,2.0
2013-06-06 03:00:00,,,2.0
2013-06-06 03:30:00,,,2.0
2013-06-06 04:00:00,,,2.0
2013-06-06 04:30:00,,,2.0
2013-06-06 05:00:00,,,2.0
2013-06-06 05:30:00,,,2.0
2013-06-06 06:00:00,,,2.0
2013-06-06 06:30:00,,,2.0
2013-06-06 07:00:00,,,2.0
2013-06-06 07:30:00,-0.99854826,2.18447987666,0.913742516628
2013-06-06 08:00:00,-0.62363783,7.30603101689,1.04929905311
2013-06-06 08:30:00,-0.36371334,8.63761581937,1.21545373962
2013-06-06 09:00:00,,,2.0
2013-06-06 09:30:00,,,2.0
2013-06-06 10:00:00,,,2.0
2013-06-06 10:30:00,-0.22328463,568.466641551,1.36853511305
2013-06-06 11:00:00,-0.24290863,4.82281106221,1.34232476082
2013-06-06 11:30:00,-0.90622425,0.961034984038,0.940737884157
2013-06-06 12:00:00,-0.34361831,1.39642744019,1.2333269889
2013-06-06 12:30:00,-0.69046161,1.69645570409,1.0190633166
2013-06-06 13:00:00,,,2.0
2013-06-06 13:30:00,,,2.0
2013-06-06 14:00:00,,,2.0
2013-06-06 14:30:00,,,2.0
2013-06-06 15:00:00,,,2.0
2013-06-06 15:30:00,0.55852451,9.14307421778,2.0
2013-06-06 16:00:00,,,2.0
2013-06-06 16:30:00,,,2.0
2013-06-06 17:00:00,,,2.0
2013-06-06 17:30:00,,,2.0
2013-06-06 18:00:00,,,2.0
2013-06-06 18:30:00,,,2.0
2013-06-06 19:00:00,,,2.0
2013-06-06 19:30:00,,,2.0
2013-06-06 20:00:00,,,2.0
2013-06-06 20:30:00,,,2.0
2013-06-06 21:00:00,,,2.0
2013-06-06 21:30:00,,,2.0
2013-06-06 22:00:00,0.37660857,3.35935618031,2.0
2013-06-06 22:30:00,,,2.0
2013-06-06 23:00:00,,,2.0
2013-06-06 23:30:00,0.87647268,2.79427312955,2.0
2013-06-07 00:00:00,,,2.0
2013-06-07 00:30:00,0.67556356,4.06727089618,2.0
2013-06-07 01:00:00,,,2.0
2013-06-07 01:30:00,,,2.0
2013-06-07 02:00:00,,,2.0
2013-06-07 02:30:00,,,2.0
2013-06-07 03:00:00,0.41590175,3.43130019749,2.0
2013-06-07 03:30:00,0.27789728,2.0596822449,2.0
2013-06-07 04:00:00,0.19331193,2.06362177179,2.0
2013-06-07 04:30:00,0.10812962,14.7546685624,2.0
2013-06-07 05:00:00,0.041570876,3.77182333289,2.0
2013-06-07 05:30:00,,,2.0
2013-06-07 06:00:00,,,2.0
2013-06-07 06:30:00,,,2.0
2013-06-07 07:00:00,,,2.0
2013-06-07 07:30:00,,,2.0
2013-06-07 08:00:00,-0.073536116,7.7874023684,1.67622974738
2013-06-07 08:30:00,-0.021552191,6.6564191577,1.87959747794
2013-06-07 09:00:00,,,2.0
2013-06-07 09:30:00,-0.016337422,5.02819266301,1.90609077094
2013-06-07 10:00:00,-0.01922773,4.58053511992,1.89122386315
2013-06-07 10:30:00,-0.05211306,1.66799383229,1.74907765896
2013-06-07 11:00:00,-0.020917143,1.73443081548,1.88274545409
2013-06-07 11:30:00,-0.056776833,1.77974229165,1.73213361711
2013-06-07 12:00:00,-0.033895552,2.26134260712,1.82229491211
2013-06-07 12:30:00,-0.0011953999,1.76290791941,1.99248595045
2013-06-07 13:00:00,-0.12278156,1.58618123442,1.54566529153
2013-06-07 13:30:00,-0.035029019,2.39849767458,1.8173739941
2013-06-07 14:00:00,,,2.0
2013-06-07 14:30:00,-0.13955652,1.71169483563,1.50952399148
2013-06-07 15:00:00,-0.032518586,2.20038937277,1.82834536362
2013-06-07 15:30:00,0.019227662,1.84576642269,2.0
2013-06-07 16:00:00,0.088528207,1.68386638985,2.0
2013-06-07 16:30:00,0.091719962,1.82206264855,2.0
2013-06-07 17:00:00,,,2.0
2013-06-07 17:30:00,,,2.0
2013-06-07 18:00:00,0.7483376,8.80149136452,2.0
2013-06-07 18:30:00,,,2.0
2013-06-07 19:00:00,,,2.0
2013-06-07 19:30:00,,,2.0
2013-06-07 20:00:00,,,2.0
2013-06-07 20:30:00,,,2.0
2013-06-07 21:00:00,,,2.0
2013-06-07 21:30:00,,,2.0
2013-06-07 22:00:00,,,2.0
2013-06-07 22:30:00,,,2.0
2013-06-07 23:00:00,,,2.0
2013-06-07 23:30:00,,,2.0
2013-06-08 00:00:00,,,2.0
2013-06-08 00:30:00,,,2.0
2013-06-08 01:00:00,,,2.0
2013-06-08 01:30:00,,,2.0
2013-06-08 02:00:00,,,2.0
2013-06-08 02:30:00,,,2.0
2013-06-08 03:00:00,,,2.0
2013-06-08 03:30:00,,,2.0
2013-06-08 04:00:00,,,2.0
2013-06-08 04:30:00,,,2.0
2013-06-08 05:00:00,,,2.0
2013-06-08 05:30:00,,,2.0
2013-06-08 06:00:00,,,2.0
2013-06-08 06:30:00,,,2.0
2013-06-08 07:00:00,,,2.0
2013-06-08 07:30:00,,,2.0
2013-06-08 08:00:00,-0.49491469,2.72004532838,1.11951213785
2013-06-08 08:30:00,,,2.0
2013-06-08 09:00:00,,,2.0
2013-06-08 09:30:00,,,2.0
2013-06-08 10:00:00,,,2.0
2013-06-08 10:30:00,,,2.0
2013-06-08 11:00:00,,,2.0
2013-06-08 11:30:00,,,2.0
2013-06-08 12:00:00,,,2.0
2013-06-08 12:30:00,-1.2417009,1.02163079362,0.855073521537
2013-06-08 13:00:00,-0.23744917,1.45895503643,1.34941505639
2013-06-08 13:30:00,-1.0296938,1.11139072376,0.905306551656
2013-06-08 14:00:00,,,2.0
2013-06-08 14:30:00,,,2.0
2013-06-08 15:00:00,,,2.0
2013-06-08 15:30:00,,,2.0
2013-06-08 16:00:00,,,2.0
2013-06-08 16:30:00,,,2.0
2013-06-08 17:00:00,,,2.0
2013-06-08 17:30:00,,,2.0
2013-06-08 18:00:00,,,2.0
2013-06-08 18:30:00,,,2.0
2013-06-08 19:00:00,,,2.0
2013-06-08 19:30:00,,,2.0
2013-06-08 20:00:00,,,2.0
2013-06-08 20:30:00,,,2.0
2013-06-08 21:00:00,,,2.0
2013-06-08 21:30:00,,,2.0
2013-06-08 22:00:00,,,2.0
2013-06-08 22:30:00,0.14983066,2.65267738354,2.0
2013-06-08 23:00:00,0.34880483,2.09982481441,2.0
2013-06-08 23:30:00,0.26917817,2.00008385503,2.0
2013-06-09 00:00:00,0.20204054,2.66641996404,2.0
2013-06-09 00:30:00,0.13755188,2.15024512779,2.0
2013-06-09 01:00:00,0.084920457,2.79638942534,2.0
2013-06-09 01:30:00,0.079364029,3.57075523385,2.0
2013-06-09 02:00:00,0.11677028,2.13516603362,2.0
2013-06-09 02:30:00,,,2.0
2013-06-09 03:00:00,,,2.0
2013-06-09 03:30:00,,,2.0
2013-06-09 04:00:00,,,2.0
2013-06-09 04:30:00,,,2.0
2013-06-09 05:00:00,,,2.0
2013-06-09 05:30:00,,,2.0
2013-06-09 06:00:00,,,2.0
2013-06-09 06:30:00,,,2.0
2013-06-09 07:00:00,,,2.0
2013-06-09 07:30:00,,,2.0
2013-06-09 08:00:00,,,2.0
2013-06-09 08:30:00,-0.37964154,1.47249737227,1.20199685127
2013-06-09 09:00:00,-0.18003925,1.65517242622,1.43445517482
2013-06-09 09:30:00,-0.48412846,1.25584756575,1.12630015057
2013-06-09 10:00:00,-6.2705141,0.739346258681,0.509265686547
2013-06-09 10:30:00,-1.1730684,0.917283100601,0.870110261447
2013-06-09 11:00:00,-0.50438313,1.1976903321,1.11368614296
2013-06-09 11:30:00,-0.37761031,1.25197481465,1.20367991232
2013-06-09 12:00:00,-0.39468788,1.24780008562,1.18981553703
2013-06-09 12:30:00,-2.6552125,0.79900160055,0.673174236764
2013-06-09 13:00:00,-6.4860159,0.678081874387,0.503653930575
2013-06-09 13:30:00,-1.0941865,1.3745993043,0.888781048577
2013-06-09 14:00:00,-0.49577679,1.94214782817,1.11897662534
2013-06-09 14:30:00,-1.2189118,1.34431798852,0.859950929819
2013-06-09 15:00:00,,,2.0
2013-06-09 15:30:00,-0.043072541,2.26479585371,1.78391257342
2013-06-09 16:00:00,,,2.0
2013-06-09 16:30:00,,,2.0
2013-06-09 17:00:00,,,2.0
2013-06-09 17:30:00,,,2.0
2013-06-09 18:00:00,,,2.0
2013-06-09 18:30:00,,,2.0
2013-06-09 19:00:00,,,2.0
2013-06-09 19:30:00,0.57591318,2.85940201333,2.0
2013-06-09 20:00:00,,,2.0
2013-06-09 20:30:00,0.67876846,1.97430699512,2.0
2013-06-09 21:00:00,0.74955145,2.63249007018,2.0
2013-06-09 21:30:00,,,2.0
2013-06-09 22:00:00,,,2.0
2013-06-09 22:30:00,,,2.0
2013-06-09 23:00:00,,,2.0
2013-06-09 23:30:00,,,2.0
2013-06-10 00:00:00,,,2.0
2013-06-10 00:30:00,,,2.0
2013-06-10 01:00:00,,,2.0
2013-06-10 01:30:00,,,2.0
2013-06-10 02:00:00,1.1889647,9.2726366257,2.0
2013-06-10 02:30:00,,,2.0
2013-06-10 03:00:00,0.54065862,7.20289558247,2.0
2013-06-10 03:30:00,,,2.0
2013-06-10 04:00:00,0.3797351,4.38356106026,2.0
2013-06-10 04:30:00,0.62451312,6.90156018307,2.0
2013-06-10 05:00:00,,,2.0
2013-06-10 05:30:00,0.59923681,5.61212339186,2.0
2013-06-10 06:00:00,,,2.0
2013-06-10 06:30:00,,,2.0
2013-06-10 07:00:00,-0.29009452,782.600438314,1.28664499458
2013-06-10 07:30:00,-0.59972371,2.77715803851,1.06103192513
2013-06-10 08:00:00,-1.9399163,7.25674960445,0.743952121521
2013-06-10 08:30:00,,,2.0
2013-06-10 09:00:00,,,2.0
2013-06-10 09:30:00,,,2.0
2013-06-10 10:00:00,-0.67331573,1.27933062441,1.02648967698
2013-06-10 10:30:00,,,2.0
2013-06-10 11:00:00,-0.28380586,1.78185381641,1.29354014325
2013-06-10 11:30:00,-0.30622179,1.22285424134,1.26961138859
2013-06-10 12:00:00,-0.27514748,1.50685038602,1.3032805367
2013-06-10 12:30:00,-0.179104,1.74393048437,1.4360260385
2013-06-10 13:00:00,-0.10760459,1.97996776788,1.58155939161
2013-06-10 13:30:00,,,2.0
2013-06-10 14:00:00,,,2.0
2013-06-10 14:30:00,-0.69454496,1.1582786631,1.01732611081
2013-06-10 15:00:00,-0.27248582,1.46901115665,1.30633439365
2013-06-10 15:30:00,-0.0095643505,1.56059512098,1.9428539149
2013-06-10 16:00:00,,,2.0
2013-06-10 16:30:00,0.058743591,2.26046800282,2.0
2013-06-10 17:00:00,,,2.0
2013-06-10 17:30:00,,,2.0
2013-06-10 18:00:00,,,2.0
2013-06-10 18:30:00,,,2.0
2013-06-10 19:00:00,,,2.0
2013-06-10 19:30:00,,,2.0
2013-06-10 20:00:00,,,2.0
2013-06-10 20:30:00,,,2.0
2013-06-10 21:00:00,,,2.0
2013-06-10 21:30:00,0.93811372,3.70743005767,2.0
2013-06-10 22:00:00,0.74414344,4.18368688804,2.0
2013-06-10 22:30:00,,,2.0
2013-06-10 23:00:00,,,2.0
2013-06-10 23:30:00,,,2.0
2013-06-11 00:00:00,,,2.0
2013-06-11 00:30:00,,,2.0
2013-06-11 01:00:00,,,2.0
2013-06-11 01:30:00,,,2.0
2013-06-11 02:00:00,,,2.0
2013-06-11 02:30:00,,,2.0
2013-06-11 03:00:00,,,2.0
2013-06-11 03:30:00,,,2.0
2013-06-11 04:00:00,,,2.0
2013-06-11 04:30:00,,,2.0
2013-06-11 05:00:00,,,2.0
2013-06-11 05:30:00,,,2.0
2013-06-11 06:00:00,,,2.0
2013-06-11 06:30:00,,,2.0
2013-06-11 07:00:00,,,2.0
2013-06-11 07:30:00,,,2.0
2013-06-11 08:00:00,,,2.0
2013-06-11 08:30:00,-0.67817484,13.021044358,1.02436307861
2013-06-11 09:00:00,-0.21265266,19.305193869,1.3836239843
2013-06-11 09:30:00,-0.17372975,4.14090907189,1.4451881973
2013-06-11 10:00:00,,,2.0
2013-06-11 10:30:00,,,2.0
2013-06-11 11:00:00,-1.6500217,2.29236971081,0.782839850105
2013-06-11 11:30:00,-0.070498268,5.27437687464,1.6858319156
2013-06-11 12:00:00,-0.070104441,7.60268441422,1.68709294244
2013-06-11 12:30:00,-0.043077708,2.42911528251,1.7838918608
2013-06-11 13:00:00,,,2.0
2013-06-11 13:30:00,-0.048869897,2.96149345754,1.76126024296
2013-06-11 14:00:00,-0.021317433,44.4708062302,1.8807587356
2013-06-11 14:30:00,,,2.0
2013-06-11 15:00:00,-0.75320228,1.36684418672,0.993606724923
2013-06-11 15:30:00,-0.27799194,1.92182250131,1.30004827823
2013-06-11 16:00:00,,,2.0
2013-06-11 16:30:00,,,2.0
2013-06-11 17:00:00,,,2.0
2013-06-11 17:30:00,,,2.0
2013-06-11 18:00:00,,,2.0
2013-06-11 18:30:00,,,2.0
2013-06-11 19:00:00,,,2.0
2013-06-11 19:30:00,,,2.0
2013-06-11 20:00:00,0.60919865,4.73863269247,2.0
2013-06-11 20:30:00,,,2.0
2013-06-11 21:00:00,0.73526176,5.62702470767,2.0
2013-06-11 21:30:00,0.58302921,11.5316926598,2.0
2013-06-11 22:00:00,0.55455483,7.43817787857,2.0
2013-06-11 22:30:00,1.069175,5.15760383816,2.0
2013-06-11 23:00:00,0.970044,3.67313338087,2.0
2013-06-11 23:30:00,,,2.0
2013-06-12 00:00:00,,,2.0
2013-06-12 00:30:00,,,2.0
2013-06-12 01:00:00,,,2.0
2013-06-12 01:30:00,,,2.0
2013-06-12 02:00:00,,,2.0
2013-06-12 02:30:00,,,2.0
2013-06-12 03:00:00,,,2.0
2013-06-12 03:30:00,,,2.0
2013-06-12 04:00:00,,,2.0
2013-06-12 04:30:00,,,2.0
2013-06-12 05:00:00,,,2.0
2013-06-12 05:30:00,,,2.0
2013-06-12 06:00:00,,,2.0
2013-06-12 06:30:00,,,2.0
2013-06-12 07:00:00,-0.48323278,22.1576009038,1.12687126364
2013-06-12 07:30:00,-0.20526014,17.6318921358,1.39451780591
2013-06-12 08:00:00,-0.14283299,8.87038186395,1.50284936967
2013-06-12 08:30:00,-0.40908906,5.63261612722,1.17860583887
2013-06-12 09:00:00,-0.10466971,2.14514827756,1.58889542419
2013-06-12 09:30:00,-0.1750646,1.39144349177,1.44289067293
2013-06-12 10:00:00,-0.22344204,1.42220328492,1.36831662395
2013-06-12 10:30:00,-0.18255912,1.94586372318,1.43025670338
2013-06-12 11:00:00,-0.061685897,2.1557460257,1.7149868945
2013-06-12 11:30:00,-0.13353136,1.97779757204,1.52211457001
2013-06-12 12:00:00,-0.17439371,2.6695469672,1.44404357133
2013-06-12 12:30:00,-0.1161508,2.05139922732,1.56094330311
2013-06-12 13:00:00,-0.17135578,1.99998661202,1.44931067399
2013-06-12 13:30:00,,,2.0
2013-06-12 14:00:00,,,2.0
2013-06-12 14:30:00,0.014824954,7.99200752425,2.0
2013-06-12 15:00:00,0.0082582868,2.89466921619,2.0
2013-06-12 15:30:00,,,2.0
2013-06-12 16:00:00,,,2.0
2013-06-12 16:30:00,,,2.0
2013-06-12 17:00:00,,,2.0
2013-06-12 17:30:00,,,2.0
2013-06-12 18:00:00,,,2.0
2013-06-12 18:30:00,,,2.0
2013-06-12 19:00:00,,,2.0
2013-06-12 19:30:00,,,2.0
2013-06-12 20:00:00,0.62707223,2.81586201495,2.0
2013-06-12 20:30:00,1.0019321,3.37101102588,2.0
2013-06-12 21:00:00,0.6959826,2.79113628255,2.0
2013-06-12 21:30:00,0.68912944,3.05186611123,2.0
2013-06-12 22:00:00,0.9272158,2.44145280571,2.0
2013-06-12 22:30:00,0.67452181,2.13451544373,2.0
2013-06-12 23:00:00,0.73376369,3.40151386424,2.0
2013-06-12 23:30:00,0.57710151,3.45352395764,2.0
2013-06-13 00:00:00,,,2.0
2013-06-13 00:30:00,,,2.0
2013-06-13 01:00:00,,,2.0
2013-06-13 01:30:00,,,2.0
2013-06-13 02:00:00,,,2.0
2013-06-13 02:30:00,,,2.0
2013-06-13 03:00:00,,,2.0
2013-06-13 03:30:00,0.59129736,4.22504168279,2.0
2013-06-13 04:00:00,0.77876619,2.95762675032,2.0
2013-06-13 04:30:00,0.31610456,3.27918772302,2.0
2013-06-13 05:00:00,,,2.0
2013-06-13 05:30:00,,,2.0
2013-06-13 06:00:00,,,2.0
2013-06-13 06:30:00,,,2.0
2013-06-13 07:00:00,-0.25628292,112.514469429,1.32556463529
2013-06-13 07:30:00,-0.15420956,3.19996762349,1.48055618735
2013-06-13 08:00:00,-0.25080805,2.83628797423,1.33232396966
2013-06-13 08:30:00,-0.22326715,1.70097813177,1.36855938434
2013-06-13 09:00:00,-0.14780873,2.02346548016,1.49293474545
2013-06-13 09:30:00,-0.21397591,2.34589823936,1.38170962384
2013-06-13 10:00:00,-0.19013978,1.52898987291,1.41791606738
2013-06-13 10:30:00,-0.38532416,1.38807854069,1.1973377856
2013-06-13 11:00:00,-0.15318883,5.15049462117,1.48250272937
2013-06-13 11:30:00,-0.067813214,2.27449533388,1.69450504552
2013-06-13 12:00:00,,,2.0
2013-06-13 12:30:00,0.03210542,67.8284514148,2.0
2013-06-13 13:00:00,-0.038556996,2.05634887295,1.80239044966
2013-06-13 13:30:00,-0.072295859,1.87132419923,1.68012353976
2013-06-13 14:00:00,-0.098681663,1.99034989069,1.6042962446
2013-06-13 14:30:00,0.016200944,2.21659135291,2.0
2013-06-13 15:00:00,0.05047965,2.11883605254,2.0
2013-06-13 15:30:00,,,2.0
2013-06-13 16:00:00,,,2.0
2013-06-13 16:30:00,,,2.0
2013-06-13 17:00:00,,,2.0
2013-06-13 17:30:00,,,2.0
2013-06-13 18:00:00,,,2.0
2013-06-13 18:30:00,0.41256567,2.45822930814,2.0
2013-06-13 19:00:00,,,2.0
2013-06-13 19:30:00,,,2.0
2013-06-13 20:00:00,,,2.0
2013-06-13 20:30:00,,,2.0
2013-06-13 21:00:00,,,2.0
2013-06-13 21:30:00,0.24593457,2.75857044737,2.0
2013-06-13 22:00:00,0.4408482,2.88647765779,2.0
2013-06-13 22:30:00,0.40146407,2.85782599125,2.0
2013-06-13 23:00:00,0.75365886,3.67509580357,2.0
2013-06-13 23:30:00,,,2.0
2013-06-14 00:00:00,0.41369219,4.91498487079,2.0
2013-06-14 00:30:00,,,2.0
2013-06-14 01:00:00,,,2.0
2013-06-14 01:30:00,,,2.0
2013-06-14 02:00:00,,,2.0
2013-06-14 02:30:00,,,2.0
2013-06-14 03:00:00,,,2.0
2013-06-14 03:30:00,,,2.0
2013-06-14 04:00:00,,,2.0
2013-06-14 04:30:00,,,2.0
2013-06-14 05:00:00,,,2.0
2013-06-14 05:30:00,,,2.0
2013-06-14 06:00:00,,,2.0
2013-06-14 06:30:00,,,2.0
2013-06-14 07:00:00,,,2.0
2013-06-14 07:30:00,,,2.0
2013-06-14 08:00:00,,,2.0
2013-06-14 08:30:00,,,2.0
2013-06-14 09:00:00,,,2.0
2013-06-14 09:30:00,-4.8781061,0.807589736979,0.552859068467
2013-06-14 10:00:00,-7.9295406,0.735634394144,0.471480464324
2013-06-14 10:30:00,-0.65739113,1.21753133989,1.03358505671
2013-06-14 11:00:00,-0.30949633,1.78195688198,1.26626134874
2013-06-14 11:30:00,-0.65292794,1.13726923885,1.03560920082
2013-06-14 12:00:00,-0.65608882,1.14728260922,1.03417404465
2013-06-14 12:30:00,,,2.0
2013-06-14 13:00:00,,,2.0
2013-06-14 13:30:00,,,2.0
2013-06-14 14:00:00,,,2.0
2013-06-14 14:30:00,-0.64715983,0.974744188144,1.03824881008
2013-06-14 15:00:00,,,2.0
2013-06-14 15:30:00,,,2.0
2013-06-14 16:00:00,0.18265816,57.2994723914,2.0
2013-06-14 16:30:00,,,2.0
2013-06-14 17:00:00,,,2.0
2013-06-14 17:30:00,,,2.0
2013-06-14 18:00:00,,,2.0
2013-06-14 18:30:00,,,2.0
2013-06-14 19:00:00,,,2.0
2013-06-14 19:30:00,,,2.0
2013-06-14 20:00:00,,,2.0
2013-06-14 20:30:00,,,2.0
2013-06-14 21:00:00,,,2.0
2013-06-14 21:30:00,,,2.0
2013-06-14 22:00:00,,,2.0
2013-06-14 22:30:00,0.35300523,3.2412847795,2.0
2013-06-14 23:00:00,0.15626732,2.60107225192,2.0
2013-06-14 23:30:00,0.13506547,3.10549585157,2.0
2013-06-15 00:00:00,,,2.0
2013-06-15 00:30:00,0.76336743,2.29265064006,2.0
2013-06-15 01:00:00,,,2.0
2013-06-15 01:30:00,,,2.0
2013-06-15 02:00:00,,,2.0
2013-06-15 02:30:00,,,2.0
2013-06-15 03:00:00,,,2.0
2013-06-15 03:30:00,,,2.0
2013-06-15 04:00:00,,,2.0
2013-06-15 04:30:00,,,2.0
2013-06-15 05:00:00,,,2.0
2013-06-15 05:30:00,,,2.0
2013-06-15 06:00:00,,,2.0
2013-06-15 06:30:00,,,2.0
2013-06-15 07:00:00,,,2.0
2013-06-15 07:30:00,-0.42075102,2.8579165612,1.16983059981
2013-06-15 08:00:00,-0.41708768,22.3096695516,1.17255897537
2013-06-15 08:30:00,-0.60709459,2.66518654623,1.05735967416
2013-06-15 09:00:00,-1.8023482,0.939180144512,0.761422128313
2013-06-15 09:30:00,-0.31983119,2.00943971668,1.25591529762
2013-06-15 10:00:00,-0.15797841,1.72752403952,1.47345645025
2013-06-15 10:30:00,-0.27335589,2.69549290715,1.30533297008
2013-06-15 11:00:00,-0.13650327,3.04594809659,1.51585198211
2013-06-15 11:30:00,-0.14676656,1.56255009825,1.49498973079
2013-06-15 12:00:00,-0.62451635,0.998168025514,1.04887782983
2013-06-15 12:30:00,-0.11704039,1.53260497343,1.55885838222
2013-06-15 13:00:00,-0.7434456,1.09244141348,0.997399698637
2013-06-15 13:30:00,-0.41884083,1.62887364217,1.17125009508
2013-06-15 14:00:00,-0.37469669,1.47453277011,1.20611066641
2013-06-15 14:30:00,-0.73151159,1.0339139326,1.00211894386
2013-06-15 15:00:00,-0.91681173,1.59540699811,0.93747829449
2013-06-15 15:30:00,-0.049960529,1.85361682871,1.75712555771
2013-06-15 16:00:00,-0.25674965,2.25503397026,1.32499472281
2013-06-15 16:30:00,,,2.0
2013-06-15 17:00:00,,,2.0
2013-06-15 17:30:00,,,2.0
2013-06-15 18:00:00,,,2.0
2013-06-15 18:30:00,,,2.0
2013-06-15 19:00:00,,,2.0
2013-06-15 19:30:00,,,2.0
2013-06-15 20:00:00,,,2.0
2013-06-15 20:30:00,,,2.0
2013-06-15 21:00:00,,,2.0
2013-06-15 21:30:00,,,2.0
2013-06-15 22:00:00,,,2.0
2013-06-15 22:30:00,,,2.0
2013-06-15 23:00:00,,,2.0
2013-06-15 23:30:00,,,2.0
2013-06-16 00:00:00,,,2.0
2013-06-16 00:30:00,,,2.0
2013-06-16 01:00:00,,,2.0
2013-06-16 01:30:00,,,2.0
2013-06-16 02:00:00,,,2.0
2013-06-16 02:30:00,,,2.0
2013-06-16 03:00:00,,,2.0
2013-06-16 03:30:00,,,2.0
2013-06-16 04:00:00,,,2.0
2013-06-16 04:30:00,,,2.0
2013-06-16 05:00:00,,,2.0
2013-06-16 05:30:00,,,2.0
2013-06-16 06:00:00,,,2.0
2013-06-16 06:30:00,,,2.0
2013-06-16 07:00:00,,,2.0
2013-06-16 07:30:00,,,2.0
2013-06-16 08:00:00,,,2.0
2013-06-16 08:30:00,-0.92748106,51.1836275309,0.934238735003
2013-06-16 09:00:00,-0.45278849,2.48871670978,1.14700152573
2013-06-16 09:30:00,-0.49864243,2.16734494105,1.11720390369
2013-06-16 10:00:00,-0.58176596,1.3046224806,1.07019704123
2013-06-16 10:30:00,-0.42233896,1.27538515996,1.16865579559
2013-06-16 11:00:00,-0.24790221,1.64317225615,1.33596810792
2013-06-16 11:30:00,-0.3354137,1.53662513577,1.24093408193
2013-06-16 12:00:00,-0.54725369,1.39995997015,1.08874176731
2013-06-16 12:30:00,-0.61018976,1.44142376087,1.05583269796
2013-06-16 13:00:00,-0.33397543,2.1378259673,1.24228707
2013-06-16 13:30:00,-0.15874482,1.61802923631,1.47202926323
2013-06-16 14:00:00,-0.084451623,2.06933544179,1.64344460872
2013-06-16 14:30:00,-0.14995788,1.83956134706,1.4887323892
2013-06-16 15:00:00,,,2.0
2013-06-16 15:30:00,,,2.0
2013-06-16 16:00:00,-0.061623519,2.29009358442,1.71520054073
2013-06-16 16:30:00,,,2.0
2013-06-16 17:00:00,0.10861288,4.96497290313,2.0
2013-06-16 17:30:00,0.45066119,4.25073265983,2.0
2013-06-16 18:00:00,1.3774473,3.89764297066,2.0
2013-06-16 18:30:00,0.8984894,2.75236911151,2.0
2013-06-16 19:00:00,1.0746901,4.80528206006,2.0
2013-06-16 19:30:00,0.4415485,2.83575191713,2.0
2013-06-16 20:00:00,0.99044285,2.73779270651,2.0
2013-06-16 20:30:00,,,2.0
2013-06-16 21:00:00,0.99024141,3.43585181416,2.0
2013-06-16 21:30:00,,,2.0
2013-06-16 22:00:00,,,2.0
2013-06-16 22:30:00,,,2.0
2013-06-16 23:00:00,,,2.0
2013-06-16 23:30:00,,,2.0
2013-06-17 00:00:00,,,2.0
2013-06-17 00:30:00,,,2.0
2013-06-17 01:00:00,,,2.0
2013-06-17 01:30:00,,,2.0
2013-06-17 02:00:00,,,2.0
2013-06-17 02:30:00,,,2.0
2013-06-17 03:00:00,,,2.0
2013-06-17 03:30:00,,,2.0
2013-06-17 04:00:00,,,2.0
2013-06-17 04:30:00,,,2.0
2013-06-17 05:00:00,,,2.0
2013-06-17 05:30:00,1.1976126,3.43538691041,2.0
2013-06-17 06:00:00,0.7680913,3.23223039395,2.0
2013-06-17 06:30:00,,,2.0
2013-06-17 07:00:00,-0.23471779,3.49830582087,1.35301911985
2013-06-17 07:30:00,-0.2067576,2.70083556633,1.39228335606
2013-06-17 08:00:00,-0.091516595,84.3058378512,1.62353625136
2013-06-17 08:30:00,-0.15377855,3.24270868278,1.48137688006
2013-06-17 09:00:00,-0.19571967,1.64689527018,1.40909915499
2013-06-17 09:30:00,-0.11799019,2.27692636554,1.55664459184
2013-06-17 10:00:00,-0.090902511,1.62339907721,1.62522861189
2013-06-17 10:30:00,-0.040396814,2.00166537898,1.79476966267
2013-06-17 11:00:00,-0.021638168,2.09056358024,1.8791728996
2013-06-17 11:30:00,-0.11323718,1.86581736167,1.56785088784
2013-06-17 12:00:00,-0.033828429,1.71127348055,1.82258800013
2013-06-17 12:30:00,-0.070645355,2.18207909427,1.68536191162
2013-06-17 13:00:00,-0.054497541,2.1069570048,1.7403321505
2013-06-17 13:30:00,-0.18356413,1.41997815398,1.4285958576
2013-06-17 14:00:00,-0.12335875,2.3472781047,1.5443634414
2013-06-17 14:30:00,,,2.0
2013-06-17 15:00:00,0.030967825,136.908357546,2.0
2013-06-17 15:30:00,-0.17319243,1.43641420899,1.44611716601
2013-06-17 16:00:00,,,2.0
2013-06-17 16:30:00,,,2.0
2013-06-17 17:00:00,,,2.0
2013-06-17 17:30:00,,,2.0
2013-06-17 18:00:00,,,2.0
2013-06-17 18:30:00,0.47299499,3.09704646954,2.0
2013-06-17 19:00:00,0.58489915,3.10891630714,2.0
2013-06-17 19:30:00,,,2.0
2013-06-17 20:00:00,,,2.0
2013-06-17 20:30:00,,,2.0
2013-06-17 21:00:00,1.158486,2.45529909328,2.0
2013-06-17 21:30:00,0.55371178,3.39785876346,2.0
2013-06-17 22:00:00,0.54989089,2.7252022682,2.0
2013-06-17 22:30:00,0.74027682,3.24596363881,2.0
2013-06-17 23:00:00,,,2.0
2013-06-17 23:30:00,,,2.0
2013-06-18 00:00:00,,,2.0
2013-06-18 00:30:00,,,2.0
2013-06-18 01:00:00,,,2.0
2013-06-18 01:30:00,,,2.0
2013-06-18 02:00:00,,,2.0
2013-06-18 02:30:00,0.85672842,2.59614652191,2.0
2013-06-18 03:00:00,0.77726559,3.7666659772,2.0
2013-06-18 03:30:00,0.96036386,3.4147710994,2.0
2013-06-18 04:00:00,,,2.0
2013-06-18 04:30:00,1.086253,2.61495588232,2.0
2013-06-18 05:00:00,,,2.0
2013-06-18 05:30:00,0.90504055,5.06055947908,2.0
2013-06-18 06:00:00,,,2.0
2013-06-18 06:30:00,,,2.0
2013-06-18 07:00:00,-0.79926373,3.88794302457,0.97644615625
2013-06-18 07:30:00,-0.30261559,6.87226200293,1.27334210939
2013-06-18 08:00:00,-0.52157557,1.852951006,1.10340984282
2013-06-18 08:30:00,-0.24818086,3.46692357024,1.33561692982
2013-06-18 09:00:00,-0.10795125,2.6254001692,1.5807017873
2013-06-18 09:30:00,-0.089633857,2.39551000755,1.62874738498
2013-06-18 10:00:00,-0.052726811,2.11325342562,1.7468098119
2013-06-18 10:30:00,-0.09307594,1.59551013865,1.61927029653
2013-06-18 11:00:00,-0.095047561,1.65511361213,1.61394004482
2013-06-18 11:30:00,-0.086364253,1.47308838814,1.63795858497
2013-06-18 12:00:00,-0.15191664,1.54419888879,1.48494320593
2013-06-18 12:30:00,-0.10296963,4.92269005453,1.59320779534
2013-06-18 13:00:00,-0.049068516,1.86022636892,1.76050436027
2013-06-18 13:30:00,-0.060028336,1.734592216,1.7207005293
2013-06-18 14:00:00,,,2.0
2013-06-18 14:30:00,,,2.0
2013-06-18 15:00:00,-0.032455779,2.44165830448,1.82862326158
2013-06-18 15:30:00,,,2.0
2013-06-18 16:00:00,,,2.0
2013-06-18 16:30:00,,,2.0
2013-06-18 17:00:00,0.93658369,214.098673167,2.0
2013-06-18 17:30:00,0.55672674,49.0452420941,2.0
2013-06-18 18:00:00,0.51734946,3.66730436402,2.0
2013-06-18 18:30:00,0.42510985,5.02491818334,2.0
2013-06-18 19:00:00,0.40767416,3.18086117993,2.0
2013-06-18 19:30:00,0.49756114,4.25316270938,2.0
2013-06-18 20:00:00,0.83040956,4.08167963298,2.0
2013-06-18 20:30:00,,,2.0
2013-06-18 21:00:00,,,2.0
2013-06-18 21:30:00,0.61131566,2.85186998345,2.0
2013-06-18 22:00:00,0.78829915,2.46877879918,2.0
2013-06-18 22:30:00,0.76996609,2.70241424074,2.0
2013-06-18 23:00:00,1.3069895,2.73139309422,2.0
2013-06-18 23:30:00,,,2.0
2013-06-19 00:00:00,,,2.0
2013-06-19 00:30:00,,,2.0
2013-06-19 01:00:00,,,2.0
2013-06-19 01:30:00,,,2.0
2013-06-19 02:00:00,0.73925997,4.19805083138,2.0
2013-06-19 02:30:00,,,2.0
2013-06-19 03:00:00,,,2.0
2013-06-19 03:30:00,,,2.0
2013-06-19 04:00:00,,,2.0
2013-06-19 04:30:00,,,2.0
2013-06-19 05:00:00,,,2.0
2013-06-19 05:30:00,,,2.0
2013-06-19 06:00:00,0.56415796,2.56757466967,2.0
2013-06-19 06:30:00,,,2.0
2013-06-19 07:00:00,-0.25598167,38.6828620307,1.3259330054
2013-06-19 07:30:00,-0.53366814,1.91609474005,1.09640432427
2013-06-19 08:00:00,-0.1971546,31.7236056995,1.40686696125
2013-06-19 08:30:00,-0.20942759,3.89781237684,1.38833456309
2013-06-19 09:00:00,-0.10060502,4.32134485326,1.59928447124
2013-06-19 09:30:00,-0.087867003,3.84323800408,1.6336991878
2013-06-19 10:00:00,-0.14553187,1.60295795764,1.49743904573
2013-06-19 10:30:00,-0.1440797,2.56460349311,1.50034044315
2013-06-19 11:00:00,-0.1159893,1.56318567445,1.56132300666
2013-06-19 11:30:00,-0.15347564,1.5009642574,1.48195474582
2013-06-19 12:00:00,-0.11100805,1.74149932725,1.5732191539
2013-06-19 12:30:00,-0.038147684,1.78748310665,1.80410356813
2013-06-19 13:00:00,-0.11942016,1.62879699889,1.55333520194
2013-06-19 13:30:00,-0.24218822,1.28584738119,1.34325185131
2013-06-19 14:00:00,-0.11523815,1.59808614804,1.56309390858
2013-06-19 14:30:00,-0.20277702,1.51337299947,1.39825486392
2013-06-19 15:00:00,-0.19483062,1.4382525436,1.41048930322
2013-06-19 15:30:00,,,2.0
2013-06-19 16:00:00,,,2.0
2013-06-19 16:30:00,,,2.0
2013-06-19 17:00:00,,,2.0
2013-06-19 17:30:00,,,2.0
2013-06-19 18:00:00,,,2.0
2013-06-19 18:30:00,,,2.0
2013-06-19 19:00:00,,,2.0
2013-06-19 19:30:00,,,2.0
2013-06-19 20:00:00,,,2.0
2013-06-19 20:30:00,,,2.0
2013-06-19 21:00:00,,,2.0
2013-06-19 21:30:00,,,2.0
2013-06-19 22:00:00,,,2.0
2013-06-19 22:30:00,,,2.0
2013-06-19 23:00:00,,,2.0
2013-06-19 23:30:00,,,2.0
2013-06-20 00:00:00,,,2.0
2013-06-20 00:30:00,1.0656916,2.05679059367,2.0
2013-06-20 01:00:00,0.86323631,4.13777983087,2.0
2013-06-20 01:30:00,0.53185049,2.64822860016,2.0
2013-06-20 02:00:00,0.79461036,2.50855560033,2.0
2013-06-20 02:30:00,,,2.0
2013-06-20 03:00:00,,,2.0
2013-06-20 03:30:00,,,2.0
2013-06-20 04:00:00,,,2.0
2013-06-20 04:30:00,,,2.0
2013-06-20 05:00:00,0.45651693,24.1636531803,2.0
2013-06-20 05:30:00,,,2.0
2013-06-20 06:00:00,,,2.0
2013-06-20 06:30:00,,,2.0
2013-06-20 07:00:00,-0.53847646,5.24304770312,1.09366768809
2013-06-20 07:30:00,,,2.0
2013-06-20 08:00:00,-1.1986011,8.02112807212,0.864393184159
2013-06-20 08:30:00,-0.35105781,3.00541876976,1.22658783242
2013-06-20 09:00:00,-0.18904524,8.77406206277,1.41967164746
2013-06-20 09:30:00,-0.13888523,1.61365320602,1.51090621243
2013-06-20 10:00:00,-0.12975902,1.89856455687,1.53021520052
2013-06-20 10:30:00,-0.12551279,2.59023931902,1.53954343483
2013-06-20 11:00:00,-0.094041444,1.76473514625,1.61665128468
2013-06-20 11:30:00,-0.2595452,1.61587939617,1.32160153388
2013-06-20 12:00:00,-0.1141984,1.88547907367,1.565558527
2013-06-20 12:30:00,-0.16747529,2.16539128354,1.45615187023
2013-06-20 13:00:00,-0.12990467,1.62783291073,1.52989922494
2013-06-20 13:30:00,-0.17675614,1.53412014673,1.44000008661
2013-06-20 14:00:00,-0.20952169,1.95692442068,1.38819620901
2013-06-20 14:30:00,-0.13256995,1.46455523774,1.52416279724
2013-06-20 15:00:00,,,2.0
2013-06-20 15:30:00,,,2.0
2013-06-20 16:00:00,,,2.0
2013-06-20 16:30:00,,,2.0
2013-06-20 17:00:00,,,2.0
2013-06-20 17:30:00,,,2.0
2013-06-20 18:00:00,,,2.0
2013-06-20 18:30:00,,,2.0
2013-06-20 19:00:00,,,2.0
2013-06-20 19:30:00,1.0943964,3.11436982986,2.0
2013-06-20 20:00:00,0.64779889,2.94726434668,2.0
2013-06-20 20:30:00,0.90246293,3.34380530375,2.0
2013-06-20 21:00:00,1.259041,2.17650103807,2.0
2013-06-20 21:30:00,,,2.0
2013-06-20 22:00:00,,,2.0
2013-06-20 22:30:00,,,2.0
2013-06-20 23:00:00,,,2.0
2013-06-20 23:30:00,1.284118,2.83156024468,2.0
2013-06-21 00:00:00,0.66516569,3.837338368,2.0
2013-06-21 00:30:00,0.37202005,5.66504279907,2.0
2013-06-21 01:00:00,0.32776808,4.32716806461,2.0
2013-06-21 01:30:00,,,2.0
2013-06-21 02:00:00,0.95616648,3.58004687825,2.0
2013-06-21 02:30:00,1.0644979,3.58198909435,2.0
2013-06-21 03:00:00,1.1652653,3.4932684953,2.0
2013-06-21 03:30:00,,,2.0
2013-06-21 04:00:00,,,2.0
2013-06-21 04:30:00,,,2.0
2013-06-21 05:00:00,,,2.0
2013-06-21 05:30:00,,,2.0
2013-06-21 06:00:00,,,2.0
2013-06-21 06:30:00,,,2.0
2013-06-21 07:00:00,-0.57964471,2.88187829893,1.0713007497
2013-06-21 07:30:00,-1.2231601,2.79394718978,0.859033242654
2013-06-21 08:00:00,-0.3836514,7.95075063853,1.19870174506
2013-06-21 08:30:00,-0.3202804,1.78396800905,1.25547322118
2013-06-21 09:00:00,-0.61950894,15.5562754096,1.05128783427
2013-06-21 09:30:00,-0.27202046,1.67897577034,1.30687127181
2013-06-21 10:00:00,-0.1047258,1.85867631707,1.58875394202
2013-06-21 10:30:00,-0.11015865,1.99342365852,1.57528415664
2013-06-21 11:00:00,-0.084403038,3.48948887323,1.64358492531
2013-06-21 11:30:00,-0.095274576,1.79510652005,1.61333080463
2013-06-21 12:00:00,-0.13205435,1.74076119992,1.52526580605
2013-06-21 12:30:00,-0.10973294,1.65595188693,1.57632320198
2013-06-21 13:00:00,-0.24479156,1.42805221889,1.33991366259
2013-06-21 13:30:00,-0.21389816,1.5851592122,1.38182181287
2013-06-21 14:00:00,-0.33049732,1.40426098405,1.24558350325
2013-06-21 14:30:00,-0.8938208,1.2665101854,0.944614915214
2013-06-21 15:00:00,,,2.0
2013-06-21 15:30:00,,,2.0
2013-06-21 16:00:00,,,2.0
2013-06-21 16:30:00,-0.33620456,3.11216482597,1.24019262209
2013-06-21 17:00:00,,,2.0
2013-06-21 17:30:00,,,2.0
2013-06-21 18:00:00,,,2.0
2013-06-21 18:30:00,,,2.0
2013-06-21 19:00:00,1.247132,3.29601781937,2.0
2013-06-21 19:30:00,0.61007077,3.02400659267,2.0
2013-06-21 20:00:00,0.40015152,3.80758032233,2.0
2013-06-21 20:30:00,,,2.0
2013-06-21 21:00:00,0.65353328,3.32512614352,2.0
2013-06-21 21:30:00,0.31695378,7.17688335369,2.0
2013-06-21 22:00:00,,,2.0
2013-06-21 22:30:00,0.38119416,5.39682474289,2.0
2013-06-21 23:00:00,0.47975348,3.807245071,2.0
2013-06-21 23:30:00,0.50399917,2.66562208856,2.0
2013-06-22 00:00:00,0.60795247,6.05156941208,2.0
2013-06-22 00:30:00,0.66044116,3.83128647677,2.0
2013-06-22 01:00:00,0.18719602,7.5309719604,2.0
2013-06-22 01:30:00,,,2.0
2013-06-22 02:00:00,,,2.0
2013-06-22 02:30:00,,,2.0
2013-06-22 03:00:00,,,2.0
2013-06-22 03:30:00,,,2.0
2013-06-22 04:00:00,,,2.0
2013-06-22 04:30:00,,,2.0
2013-06-22 05:00:00,,,2.0
2013-06-22 05:30:00,,,2.0
2013-06-22 06:00:00,,,2.0
2013-06-22 06:30:00,,,2.0
2013-06-22 07:00:00,-0.8038874,3.44943963069,0.974788037016
2013-06-22 07:30:00,-0.55514835,3.74564646818,1.08438603612
2013-06-22 08:00:00,-0.18333583,105.347509016,1.42897246145
2013-06-22 08:30:00,-0.15296349,15.2382402594,1.48293383649
2013-06-22 09:00:00,-0.11435903,3.08111992023,1.5651767547
2013-06-22 09:30:00,-0.078792565,2.05911083488,1.66011823017
2013-06-22 10:00:00,-0.089523358,2.01643060824,1.62905531344
2013-06-22 10:30:00,-0.083953205,2.06506611811,1.64488635191
2013-06-22 11:00:00,-0.14457036,1.49417223348,1.49935760266
2013-06-22 11:30:00,-0.27746468,1.4140961562,1.30064500246
2013-06-22 12:00:00,-0.093717456,1.90717128502,1.61752824046
2013-06-22 12:30:00,-0.12388554,1.78177672658,1.54317908753
2013-06-22 13:00:00,,,2.0
2013-06-22 13:30:00,,,2.0
2013-06-22 14:00:00,-0.4756202,16.7201697123,1.13177253121
2013-06-22 14:30:00,-0.75653685,1.08066574142,0.992323544879
2013-06-22 15:00:00,-1.8589522,1.16960624034,0.754036599892
2013-06-22 15:30:00,,,2.0
2013-06-22 16:00:00,,,2.0
2013-06-22 16:30:00,,,2.0
2013-06-22 17:00:00,,,2.0
2013-06-22 17:30:00,,,2.0
2013-06-22 18:00:00,,,2.0
2013-06-22 18:30:00,,,2.0
2013-06-22 19:00:00,,,2.0
2013-06-22 19:30:00,,,2.0
