,zeta_46m,phi_w,phi_w*
2013-05-16 20:00:00,,,1.25
2013-05-16 20:30:00,,,1.25
2013-05-16 21:00:00,,,1.25
2013-05-16 21:30:00,0.14312241,1.11327131708,1.25
2013-05-16 22:00:00,,,1.25
2013-05-16 22:30:00,0.085242708,1.05060051888,1.25
2013-05-16 23:00:00,0.056289919,1.07919100012,1.25
2013-05-16 23:30:00,,,1.25
2013-05-17 00:00:00,,,1.25
2013-05-17 00:30:00,,,1.25
2013-05-17 01:00:00,,,1.25
2013-05-17 01:30:00,0.1569253,1.3078650774,1.25
2013-05-17 02:00:00,0.38522583,1.83126045193,1.25
2013-05-17 02:30:00,,,1.25
2013-05-17 03:00:00,0.15442666,1.10500598061,1.25
2013-05-17 03:30:00,0.24080614,1.13142815121,1.25
2013-05-17 04:00:00,,,1.25
2013-05-17 04:30:00,0.14663922,1.11623124802,1.25
2013-05-17 05:00:00,0.1333926,1.13625020704,1.25
2013-05-17 05:30:00,0.19749902,1.27551773266,1.25
2013-05-17 06:00:00,,,1.25
2013-05-17 06:30:00,,,1.25
2013-05-17 07:00:00,,,1.25
2013-05-17 07:30:00,,,1.25
2013-05-17 08:00:00,,,1.25
2013-05-17 08:30:00,,,1.25
2013-05-17 09:00:00,,,1.25
2013-05-17 09:30:00,,,1.25
2013-05-17 10:00:00,,,1.25
2013-05-17 10:30:00,-0.28732655,1.21501354758,1.53780637306
2013-05-17 11:00:00,-0.33952954,1.28108506765,1.57976548066
2013-05-17 11:30:00,-0.14135434,1.30841838068,1.40632732744
2013-05-17 12:00:00,-0.13746949,1.19367370805,1.40248034674
2013-05-17 12:30:00,-0.31200165,1.2741640565,1.55792124886
2013-05-17 13:00:00,-0.11380744,1.06557986789,1.37857962601
2013-05-17 13:30:00,,,1.25
2013-05-17 14:00:00,,,1.25
2013-05-17 14:30:00,,,1.25
2013-05-17 15:00:00,,,1.25
2013-05-17 15:30:00,,,1.25
2013-05-17 16:00:00,,,1.25
2013-05-17 16:30:00,0.03829262,1.10431609665,1.25
2013-05-17 17:00:00,0.08070109,1.00144966864,1.25
2013-05-17 17:30:00,,,1.25
2013-05-17 18:00:00,0.47255084,1.1128288304,1.25
2013-05-17 18:30:00,,,1.25
2013-05-17 19:00:00,,,1.25
2013-05-17 19:30:00,,,1.25
2013-05-17 20:00:00,,,1.25
2013-05-17 20:30:00,,,1.25
2013-05-17 21:00:00,,,1.25
2013-05-17 21:30:00,,,1.25
2013-05-17 22:00:00,,,1.25
2013-05-17 22:30:00,,,1.25
2013-05-17 23:00:00,,,1.25
2013-05-17 23:30:00,,,1.25
2013-05-18 00:00:00,,,1.25
2013-05-18 00:30:00,,,1.25
2013-05-18 01:00:00,,,1.25
2013-05-18 01:30:00,,,1.25
2013-05-18 02:00:00,,,1.25
2013-05-18 02:30:00,,,1.25
2013-05-18 03:00:00,,,1.25
2013-05-18 03:30:00,,,1.25
2013-05-18 04:00:00,,,1.25
2013-05-18 04:30:00,,,1.25
2013-05-18 05:00:00,1.2505006,1.85513989812,1.25
2013-05-18 05:30:00,,,1.25
2013-05-18 06:00:00,0.2441673,1.1371010931,1.25
2013-05-18 06:30:00,0.70251226,1.13122797725,1.25
2013-05-18 07:00:00,,,1.25
2013-05-18 07:30:00,0.035401253,1.16592752411,1.25
2013-05-18 08:00:00,-0.033670844,1.19580084322,1.2907459383
2013-05-18 08:30:00,-0.022332252,0.958656192561,1.27731411882
2013-05-18 09:00:00,-0.10925562,1.06791327177,1.37388575709
2013-05-18 09:30:00,-0.094191464,1.09574620123,1.35811809155
2013-05-18 10:00:00,-0.17557468,1.13560009645,1.4393404404
2013-05-18 10:30:00,-0.43218325,1.32365463258,1.64918217573
2013-05-18 11:00:00,-0.66051037,1.54777489346,1.79910479655
2013-05-18 11:30:00,,,1.25
2013-05-18 12:00:00,,,1.25
2013-05-18 12:30:00,,,1.25
2013-05-18 13:00:00,,,1.25
2013-05-18 13:30:00,,,1.25
2013-05-18 14:00:00,,,1.25
2013-05-18 14:30:00,,,1.25
2013-05-18 15:00:00,,,1.25
2013-05-18 15:30:00,,,1.25
2013-05-18 16:00:00,,,1.25
2013-05-18 16:30:00,,,1.25
2013-05-18 17:00:00,,,1.25
2013-05-18 17:30:00,0.13837147,1.3391602083,1.25
2013-05-18 18:00:00,,,1.25
2013-05-18 18:30:00,,,1.25
2013-05-18 19:00:00,,,1.25
2013-05-18 19:30:00,,,1.25
2013-05-18 20:00:00,,,1.25
2013-05-18 20:30:00,,,1.25
2013-05-18 21:00:00,,,1.25
2013-05-18 21:30:00,,,1.25
2013-05-18 22:00:00,,,1.25
2013-05-18 22:30:00,,,1.25
2013-05-18 23:00:00,,,1.25
2013-05-18 23:30:00,,,1.25
2013-05-19 00:00:00,,,1.25
2013-05-19 00:30:00,,,1.25
2013-05-19 01:00:00,,,1.25
2013-05-19 01:30:00,,,1.25
2013-05-19 02:00:00,,,1.25
2013-05-19 02:30:00,,,1.25
2013-05-19 03:00:00,,,1.25
2013-05-19 03:30:00,,,1.25
2013-05-19 04:00:00,,,1.25
2013-05-19 04:30:00,,,1.25
2013-05-19 05:00:00,,,1.25
2013-05-19 05:30:00,,,1.25
2013-05-19 06:00:00,,,1.25
2013-05-19 06:30:00,,,1.25
2013-05-19 07:00:00,,,1.25
2013-05-19 07:30:00,,,1.25
2013-05-19 08:00:00,,,1.25
2013-05-19 08:30:00,-4.5522215,2.50574735245,3.05906281735
2013-05-19 09:00:00,-3.1537816,2.09355475179,2.7338363799
2013-05-19 09:30:00,-0.59680115,1.1871420085,1.75980958881
2013-05-19 10:00:00,-0.58387696,1.33886269711,1.75162070945
2013-05-19 10:30:00,-0.59246211,1.33322989004,1.75706884221
2013-05-19 11:00:00,-1.837353,1.91093646043,2.33426122127
2013-05-19 11:30:00,,,1.25
2013-05-19 12:00:00,,,1.25
2013-05-19 12:30:00,,,1.25
2013-05-19 13:00:00,0.017061708,1.13027543228,1.25
2013-05-19 13:30:00,-0.31531398,1.29195419758,1.56058216432
2013-05-19 14:00:00,-0.35061377,1.37122210408,1.58839289623
2013-05-19 14:30:00,-0.21976373,1.24621627883,1.47984949551
2013-05-19 15:00:00,0.00080273778,1.03730190756,1.25
2013-05-19 15:30:00,-0.16654974,1.10126745014,1.43078125481
2013-05-19 16:00:00,,,1.25
2013-05-19 16:30:00,,,1.25
2013-05-19 17:00:00,,,1.25
2013-05-19 17:30:00,,,1.25
2013-05-19 18:00:00,,,1.25
2013-05-19 18:30:00,,,1.25
2013-05-19 19:00:00,,,1.25
2013-05-19 19:30:00,,,1.25
2013-05-19 20:00:00,,,1.25
2013-05-19 20:30:00,,,1.25
2013-05-19 21:00:00,,,1.25
2013-05-19 21:30:00,,,1.25
2013-05-19 22:00:00,0.11861372,1.13815023781,1.25
2013-05-19 22:30:00,0.073865822,1.02126120938,1.25
2013-05-19 23:00:00,0.22529303,1.24434697451,1.25
2013-05-19 23:30:00,,,1.25
2013-05-20 00:00:00,,,1.25
2013-05-20 00:30:00,0.52466121,1.40955583744,1.25
2013-05-20 01:00:00,0.15634153,1.12286207721,1.25
2013-05-20 01:30:00,0.36605434,1.2174388845,1.25
2013-05-20 02:00:00,,,1.25
2013-05-20 02:30:00,,,1.25
2013-05-20 03:00:00,,,1.25
2013-05-20 03:30:00,,,1.25
2013-05-20 04:00:00,,,1.25
2013-05-20 04:30:00,,,1.25
2013-05-20 05:00:00,,,1.25
2013-05-20 05:30:00,,,1.25
2013-05-20 06:00:00,,,1.25
2013-05-20 06:30:00,,,1.25
2013-05-20 07:00:00,,,1.25
2013-05-20 07:30:00,,,1.25
2013-05-20 08:00:00,-3.7065637,1.98244466987,2.87126887604
2013-05-20 08:30:00,-1.1310243,1.80232326618,2.04722770275
2013-05-20 09:00:00,-0.22924237,1.10140401584,1.4882552452
2013-05-20 09:30:00,-0.3960746,1.19694717835,1.62283335506
2013-05-20 10:00:00,,,1.25
2013-05-20 10:30:00,,,1.25
2013-05-20 11:00:00,,,1.25
2013-05-20 11:30:00,,,1.25
2013-05-20 12:00:00,-0.48180212,1.36646045897,1.68407085074
2013-05-20 12:30:00,-0.1030195,0.996719885058,1.36740248456
2013-05-20 13:00:00,-0.39936358,1.49464651539,1.62526887563
2013-05-20 13:30:00,-0.21912216,1.11713998835,1.47927708581
2013-05-20 14:00:00,-0.42803035,1.343404992,1.64619451517
2013-05-20 14:30:00,-0.41644612,1.20156963355,1.63780280126
2013-05-20 15:00:00,-0.14912824,0.995822623217,1.41396287736
2013-05-20 15:30:00,-0.07503733,1.25881280218,1.33752510725
2013-05-20 16:00:00,-0.20856698,1.35161926039,1.46979545003
2013-05-20 16:30:00,,,1.25
2013-05-20 17:00:00,,,1.25
2013-05-20 17:30:00,,,1.25
2013-05-20 18:00:00,,,1.25
2013-05-20 18:30:00,,,1.25
2013-05-20 19:00:00,0.36843918,1.34855678218,1.25
2013-05-20 19:30:00,0.22417408,1.43190385866,1.25
2013-05-20 20:00:00,0.28042247,1.28698640419,1.25
2013-05-20 20:30:00,0.24811371,1.12125521334,1.25
2013-05-20 21:00:00,0.35765863,1.33193543266,1.25
2013-05-20 21:30:00,0.48794868,1.17728653028,1.25
2013-05-20 22:00:00,0.43383754,1.2136210044,1.25
2013-05-20 22:30:00,0.45415048,1.25091272487,1.25
2013-05-20 23:00:00,,,1.25
2013-05-20 23:30:00,0.4707415,1.1499518111,1.25
2013-05-21 00:00:00,,,1.25
2013-05-21 00:30:00,,,1.25
2013-05-21 01:00:00,,,1.25
2013-05-21 01:30:00,,,1.25
2013-05-21 02:00:00,,,1.25
2013-05-21 02:30:00,,,1.25
2013-05-21 03:00:00,,,1.25
2013-05-21 03:30:00,,,1.25
2013-05-21 04:00:00,,,1.25
2013-05-21 04:30:00,,,1.25
2013-05-21 05:00:00,,,1.25
2013-05-21 05:30:00,,,1.25
2013-05-21 06:00:00,,,1.25
2013-05-21 06:30:00,-0.32894481,1.08214766948,1.57143795613
2013-05-21 07:00:00,-0.46423292,1.48411990334,1.67188353651
2013-05-21 07:30:00,-0.36998198,1.2614538298,1.60324707306
2013-05-21 08:00:00,-0.42603071,1.35202675149,1.64475206722
2013-05-21 08:30:00,-0.13587843,1.15150489476,1.40089868758
2013-05-21 09:00:00,-0.14485671,1.06288094489,1.40977760608
2013-05-21 09:30:00,-0.10904027,1.12831465054,1.37366289093
2013-05-21 10:00:00,-0.14438459,1.05112302111,1.40931349258
2013-05-21 10:30:00,-0.10452396,1.33575021005,1.36897219484
2013-05-21 11:00:00,-0.18304063,1.11563073416,1.44634492686
2013-05-21 11:30:00,-0.054109127,1.15829925407,1.31427476499
2013-05-21 12:00:00,-0.053261068,1.07204808461,1.31331514141
2013-05-21 12:30:00,-0.1185579,1.2527511571,1.38344448566
2013-05-21 13:00:00,-0.18832951,1.12432534697,1.45126615093
2013-05-21 13:30:00,-0.099552162,1.09320379163,1.36377097337
2013-05-21 14:00:00,-0.33277846,1.31496552207,1.57446425572
2013-05-21 14:30:00,,,1.25
2013-05-21 15:00:00,,,1.25
2013-05-21 15:30:00,,,1.25
2013-05-21 16:00:00,,,1.25
2013-05-21 16:30:00,0.26220332,1.27489980829,1.25
2013-05-21 17:00:00,0.26023556,1.29854723744,1.25
2013-05-21 17:30:00,0.15712479,1.28657409718,1.25
2013-05-21 18:00:00,,,1.25
2013-05-21 18:30:00,0.095125779,1.05752616528,1.25
2013-05-21 19:00:00,0.27292089,1.5969287196,1.25
2013-05-21 19:30:00,,,1.25
2013-05-21 20:00:00,0.30798585,1.12900992411,1.25
2013-05-21 20:30:00,0.30774016,1.51149122324,1.25
2013-05-21 21:00:00,0.34293075,1.35129784192,1.25
2013-05-21 21:30:00,0.47214293,1.14729686527,1.25
2013-05-21 22:00:00,,,1.25
2013-05-21 22:30:00,,,1.25
2013-05-21 23:00:00,,,1.25
2013-05-21 23:30:00,,,1.25
2013-05-22 00:00:00,,,1.25
2013-05-22 00:30:00,,,1.25
2013-05-22 01:00:00,0.43980133,1.39402330992,1.25
2013-05-22 01:30:00,0.43910593,1.51338291405,1.25
2013-05-22 02:00:00,0.17458392,1.17284845307,1.25
2013-05-22 02:30:00,0.45954287,1.36160518536,1.25
2013-05-22 03:00:00,0.41046823,1.41937177309,1.25
2013-05-22 03:30:00,0.13862128,1.26780827495,1.25
2013-05-22 04:00:00,0.22765276,1.2353115962,1.25
2013-05-22 04:30:00,,,1.25
2013-05-22 05:00:00,,,1.25
2013-05-22 05:30:00,,,1.25
2013-05-22 06:00:00,,,1.25
2013-05-22 06:30:00,,,1.25
2013-05-22 07:00:00,-0.3741088,1.35442104527,1.60637673302
2013-05-22 07:30:00,-0.15727104,1.28556958159,1.4218733128
2013-05-22 08:00:00,-0.10172317,1.03930473926,1.36604703472
2013-05-22 08:30:00,-0.10876101,1.00828259814,1.37337377645
2013-05-22 09:00:00,-0.092441737,1.03897238274,1.35626277215
2013-05-22 09:30:00,-0.13010588,1.07035140457,1.39513004198
2013-05-22 10:00:00,-0.186404,1.17304206069,1.44947835973
2013-05-22 10:30:00,-0.50033505,1.50813004719,1.69673834631
2013-05-22 11:00:00,-0.31524874,1.07612647857,1.5605298422
2013-05-22 11:30:00,-1.0793231,1.39477474528,2.02284504091
2013-05-22 12:00:00,-0.94338025,1.48924123166,1.95575713919
2013-05-22 12:30:00,-0.2034962,1.11610337403,1.46519658579
2013-05-22 13:00:00,,,1.25
2013-05-22 13:30:00,,,1.25
2013-05-22 14:00:00,,,1.25
2013-05-22 14:30:00,,,1.25
2013-05-22 15:00:00,,,1.25
2013-05-22 15:30:00,,,1.25
2013-05-22 16:00:00,,,1.25
2013-05-22 16:30:00,,,1.25
2013-05-22 17:00:00,,,1.25
2013-05-22 17:30:00,,,1.25
2013-05-22 18:00:00,,,1.25
2013-05-22 18:30:00,,,1.25
2013-05-22 19:00:00,,,1.25
2013-05-22 19:30:00,,,1.25
2013-05-22 20:00:00,,,1.25
2013-05-22 20:30:00,,,1.25
2013-05-22 21:00:00,,,1.25
2013-05-22 21:30:00,,,1.25
2013-05-22 22:00:00,,,1.25
2013-05-22 22:30:00,,,1.25
2013-05-22 23:00:00,,,1.25
2013-05-22 23:30:00,,,1.25
2013-05-23 00:00:00,,,1.25
2013-05-23 00:30:00,,,1.25
2013-05-23 01:00:00,0.42938721,1.24349403211,1.25
2013-05-23 01:30:00,,,1.25
2013-05-23 02:00:00,0.14188832,1.13922716313,1.25
2013-05-23 02:30:00,0.10003761,1.01904411583,1.25
2013-05-23 03:00:00,,,1.25
2013-05-23 03:30:00,,,1.25
2013-05-23 04:00:00,,,1.25
2013-05-23 04:30:00,,,1.25
2013-05-23 05:00:00,,,1.25
2013-05-23 05:30:00,,,1.25
2013-05-23 06:00:00,,,1.25
2013-05-23 06:30:00,,,1.25
2013-05-23 07:00:00,0.015049453,1.26517529737,1.25
2013-05-23 07:30:00,,,1.25
2013-05-23 08:00:00,,,1.25
2013-05-23 08:30:00,,,1.25
2013-05-23 09:00:00,,,1.25
2013-05-23 09:30:00,,,1.25
2013-05-23 10:00:00,,,1.25
2013-05-23 10:30:00,,,1.25
2013-05-23 11:00:00,,,1.25
2013-05-23 11:30:00,,,1.25
2013-05-23 12:00:00,,,1.25
2013-05-23 12:30:00,,,1.25
2013-05-23 13:00:00,,,1.25
2013-05-23 13:30:00,,,1.25
2013-05-23 14:00:00,,,1.25
2013-05-23 14:30:00,-1.0322883,1.50184034264,2.00014076158
2013-05-23 15:00:00,,,1.25
2013-05-23 15:30:00,,,1.25
2013-05-23 16:00:00,,,1.25
2013-05-23 16:30:00,,,1.25
2013-05-23 17:00:00,,,1.25
2013-05-23 17:30:00,,,1.25
2013-05-23 18:00:00,,,1.25
2013-05-23 18:30:00,,,1.25
2013-05-23 19:00:00,0.23025678,1.53288651727,1.25
2013-05-23 19:30:00,,,1.25
2013-05-23 20:00:00,,,1.25
2013-05-23 20:30:00,,,1.25
2013-05-23 21:00:00,,,1.25
2013-05-23 21:30:00,,,1.25
2013-05-23 22:00:00,,,1.25
2013-05-23 22:30:00,,,1.25
2013-05-23 23:00:00,,,1.25
2013-05-23 23:30:00,,,1.25
2013-05-24 00:00:00,,,1.25
2013-05-24 00:30:00,,,1.25
2013-05-24 01:00:00,,,1.25
2013-05-24 01:30:00,,,1.25
2013-05-24 02:00:00,,,1.25
2013-05-24 02:30:00,,,1.25
2013-05-24 03:00:00,,,1.25
2013-05-24 03:30:00,,,1.25
2013-05-24 04:00:00,,,1.25
2013-05-24 04:30:00,,,1.25
2013-05-24 05:00:00,,,1.25
2013-05-24 05:30:00,,,1.25
2013-05-24 06:00:00,,,1.25
2013-05-24 06:30:00,0.28564059,1.56313024561,1.25
2013-05-24 07:00:00,,,1.25
2013-05-24 07:30:00,,,1.25
2013-05-24 08:00:00,,,1.25
2013-05-24 08:30:00,,,1.25
2013-05-24 09:00:00,,,1.25
2013-05-24 09:30:00,,,1.25
2013-05-24 10:00:00,,,1.25
2013-05-24 10:30:00,,,1.25
2013-05-24 11:00:00,,,1.25
2013-05-24 11:30:00,-0.22131388,1.21806784046,1.48123071717
2013-05-24 12:00:00,-0.18797041,1.17563184841,1.45093306906
2013-05-24 12:30:00,,,1.25
2013-05-24 13:00:00,,,1.25
2013-05-24 13:30:00,-0.83923535,1.40084736636,1.90106308272
2013-05-24 14:00:00,,,1.25
2013-05-24 14:30:00,,,1.25
2013-05-24 15:00:00,,,1.25
2013-05-24 15:30:00,,,1.25
2013-05-24 16:00:00,,,1.25
2013-05-24 16:30:00,,,1.25
2013-05-24 17:00:00,,,1.25
2013-05-24 17:30:00,,,1.25
2013-05-24 18:00:00,,,1.25
2013-05-24 18:30:00,,,1.25
2013-05-24 19:00:00,,,1.25
2013-05-24 19:30:00,,,1.25
2013-05-24 20:00:00,,,1.25
2013-05-24 20:30:00,,,1.25
2013-05-24 21:00:00,,,1.25
2013-05-24 21:30:00,,,1.25
2013-05-24 22:00:00,,,1.25
2013-05-24 22:30:00,,,1.25
2013-05-24 23:00:00,,,1.25
2013-05-24 23:30:00,,,1.25
2013-05-25 00:00:00,,,1.25
2013-05-25 00:30:00,,,1.25
2013-05-25 01:00:00,,,1.25
2013-05-25 01:30:00,,,1.25
2013-05-25 02:00:00,,,1.25
2013-05-25 02:30:00,,,1.25
2013-05-25 03:00:00,,,1.25
2013-05-25 03:30:00,,,1.25
2013-05-25 04:00:00,,,1.25
2013-05-25 04:30:00,,,1.25
2013-05-25 05:00:00,,,1.25
2013-05-25 05:30:00,0.13708425,1.13894045994,1.25
2013-05-25 06:00:00,,,1.25
2013-05-25 06:30:00,,,1.25
2013-05-25 07:00:00,,,1.25
2013-05-25 07:30:00,-0.8293245,1.33726705854,1.89569183087
2013-05-25 08:00:00,-0.60773334,1.20871477547,1.76667730129
2013-05-25 08:30:00,,,1.25
2013-05-25 09:00:00,,,1.25
2013-05-25 09:30:00,-0.50112267,1.2707553109,1.69727251731
2013-05-25 10:00:00,-0.2900541,1.1781836958,1.54005576092
2013-05-25 10:30:00,-0.33982223,1.21996592596,1.57999450926
2013-05-25 11:00:00,,,1.25
2013-05-25 11:30:00,,,1.25
2013-05-25 12:00:00,,,1.25
2013-05-25 12:30:00,,,1.25
2013-05-25 13:00:00,,,1.25
2013-05-25 13:30:00,,,1.25
2013-05-25 14:00:00,,,1.25
2013-05-25 14:30:00,-0.66117667,1.36456531856,1.79950676308
2013-05-25 15:00:00,-0.48897161,1.24843903362,1.68899383725
2013-05-25 15:30:00,-1.7143943,1.60082387218,2.28932698907
2013-05-25 16:00:00,,,1.25
2013-05-25 16:30:00,,,1.25
2013-05-25 17:00:00,,,1.25
2013-05-25 17:30:00,,,1.25
2013-05-25 18:00:00,,,1.25
2013-05-25 18:30:00,,,1.25
2013-05-25 19:00:00,,,1.25
2013-05-25 19:30:00,,,1.25
2013-05-25 20:00:00,,,1.25
2013-05-25 20:30:00,,,1.25
2013-05-25 21:00:00,,,1.25
2013-05-25 21:30:00,,,1.25
2013-05-25 22:00:00,,,1.25
2013-05-25 22:30:00,,,1.25
2013-05-25 23:00:00,,,1.25
2013-05-25 23:30:00,0.76371572,1.43936779727,1.25
2013-05-26 00:00:00,0.41925665,1.16276436711,1.25
2013-05-26 00:30:00,,,1.25
2013-05-26 01:00:00,,,1.25
2013-05-26 01:30:00,,,1.25
2013-05-26 02:00:00,,,1.25
2013-05-26 02:30:00,,,1.25
2013-05-26 03:00:00,,,1.25
2013-05-26 03:30:00,,,1.25
2013-05-26 04:00:00,,,1.25
2013-05-26 04:30:00,,,1.25
2013-05-26 05:00:00,,,1.25
2013-05-26 05:30:00,,,1.25
2013-05-26 06:00:00,,,1.25
2013-05-26 06:30:00,,,1.25
2013-05-26 07:00:00,,,1.25
2013-05-26 07:30:00,,,1.25
2013-05-26 08:00:00,,,1.25
2013-05-26 08:30:00,-1.2690443,1.45806639585,2.10962561174
2013-05-26 09:00:00,,,1.25
2013-05-26 09:30:00,,,1.25
2013-05-26 10:00:00,,,1.25
2013-05-26 10:30:00,-0.47268215,1.36148916879,1.67776665783
2013-05-26 11:00:00,-0.45496001,1.3117715756,1.66537887335
2013-05-26 11:30:00,,,1.25
2013-05-26 12:00:00,,,1.25
2013-05-26 12:30:00,,,1.25
2013-05-26 13:00:00,,,1.25
2013-05-26 13:30:00,,,1.25
2013-05-26 14:00:00,,,1.25
2013-05-26 14:30:00,,,1.25
2013-05-26 15:00:00,,,1.25
2013-05-26 15:30:00,,,1.25
2013-05-26 16:00:00,,,1.25
2013-05-26 16:30:00,,,1.25
2013-05-26 17:00:00,,,1.25
2013-05-26 17:30:00,0.098845546,1.21398928465,1.25
2013-05-26 18:00:00,0.21149413,1.38728722574,1.25
2013-05-26 18:30:00,,,1.25
2013-05-26 19:00:00,,,1.25
2013-05-26 19:30:00,,,1.25
2013-05-26 20:00:00,,,1.25
2013-05-26 20:30:00,,,1.25
2013-05-26 21:00:00,,,1.25
2013-05-26 21:30:00,0.48185057,1.27680909933,1.25
2013-05-26 22:00:00,0.87155526,1.47704926636,1.25
2013-05-26 22:30:00,,,1.25
2013-05-26 23:00:00,,,1.25
2013-05-26 23:30:00,,,1.25
2013-05-27 00:00:00,0.27816529,1.06109823437,1.25
2013-05-27 00:30:00,0.50800996,1.27536869285,1.25
2013-05-27 01:00:00,,,1.25
2013-05-27 01:30:00,,,1.25
2013-05-27 02:00:00,,,1.25
2013-05-27 02:30:00,,,1.25
2013-05-27 03:00:00,,,1.25
2013-05-27 03:30:00,,,1.25
2013-05-27 04:00:00,,,1.25
2013-05-27 04:30:00,,,1.25
2013-05-27 05:00:00,,,1.25
2013-05-27 05:30:00,,,1.25
2013-05-27 06:00:00,,,1.25
2013-05-27 06:30:00,,,1.25
2013-05-27 07:00:00,,,1.25
2013-05-27 07:30:00,,,1.25
2013-05-27 08:00:00,,,1.25
2013-05-27 08:30:00,,,1.25
2013-05-27 09:00:00,,,1.25
2013-05-27 09:30:00,,,1.25
2013-05-27 10:00:00,,,1.25
2013-05-27 10:30:00,,,1.25
2013-05-27 11:00:00,,,1.25
2013-05-27 11:30:00,-0.43297361,1.48736126304,1.64974954828
2013-05-27 12:00:00,-0.068237496,1.13168280585,1.33005974784
2013-05-27 12:30:00,,,1.25
2013-05-27 13:00:00,-0.10594536,1.17761221122,1.37045194277
2013-05-27 13:30:00,-0.24385037,1.36212702743,1.50102681719
2013-05-27 14:00:00,,,1.25
2013-05-27 14:30:00,-0.13563771,1.08111675545,1.40065907863
2013-05-27 15:00:00,-0.56558092,1.28546003133,1.73989558795
2013-05-27 15:30:00,,,1.25
2013-05-27 16:00:00,-0.23249135,1.37374178746,1.49111473177
2013-05-27 16:30:00,,,1.25
2013-05-27 17:00:00,,,1.25
2013-05-27 17:30:00,,,1.25
2013-05-27 18:00:00,0.71284743,1.24929906302,1.25
2013-05-27 18:30:00,,,1.25
2013-05-27 19:00:00,,,1.25
2013-05-27 19:30:00,,,1.25
2013-05-27 20:00:00,,,1.25
2013-05-27 20:30:00,,,1.25
2013-05-27 21:00:00,,,1.25
2013-05-27 21:30:00,,,1.25
2013-05-27 22:00:00,,,1.25
2013-05-27 22:30:00,,,1.25
2013-05-27 23:00:00,,,1.25
2013-05-27 23:30:00,,,1.25
2013-05-28 00:00:00,,,1.25
2013-05-28 00:30:00,,,1.25
2013-05-28 01:00:00,,,1.25
2013-05-28 01:30:00,,,1.25
2013-05-28 02:00:00,,,1.25
2013-05-28 02:30:00,,,1.25
2013-05-28 03:00:00,,,1.25
2013-05-28 03:30:00,,,1.25
2013-05-28 04:00:00,,,1.25
2013-05-28 04:30:00,0.68331351,1.55517066772,1.25
2013-05-28 05:00:00,0.26936732,1.1417521258,1.25
2013-05-28 05:30:00,0.19686682,1.1139306248,1.25
2013-05-28 06:00:00,0.1798471,1.24903352678,1.25
2013-05-28 06:30:00,,,1.25
2013-05-28 07:00:00,-0.45611119,1.35786055009,1.66618915478
2013-05-28 07:30:00,-0.26205655,1.12444593799,1.51664608453
2013-05-28 08:00:00,-0.11779192,1.02292200611,1.3826623726
2013-05-28 08:30:00,-0.34970779,1.28162673215,1.58769123959
2013-05-28 09:00:00,-1.2157439,1.77367402743,2.08597030474
2013-05-28 09:30:00,,,1.25
2013-05-28 10:00:00,-0.14807353,0.925661367683,1.41293177014
2013-05-28 10:30:00,-0.14678937,1.18427126742,1.41167431251
2013-05-28 11:00:00,-0.19398175,1.20564606688,1.45648884439
2013-05-28 11:30:00,,,1.25
2013-05-28 12:00:00,-0.22937832,1.23619692067,1.48837511766
2013-05-28 12:30:00,,,1.25
2013-05-28 13:00:00,-0.12762797,1.25054918443,1.39263911024
2013-05-28 13:30:00,-0.26054923,1.3159864257,1.51536512957
2013-05-28 14:00:00,-0.13370871,1.35711403838,1.39873601437
2013-05-28 14:30:00,-0.29360734,1.17490811103,1.54297626872
2013-05-28 15:00:00,,,1.25
2013-05-28 15:30:00,,,1.25
2013-05-28 16:00:00,,,1.25
2013-05-28 16:30:00,,,1.25
2013-05-28 17:00:00,,,1.25
2013-05-28 17:30:00,,,1.25
2013-05-28 18:00:00,,,1.25
2013-05-28 18:30:00,,,1.25
2013-05-28 19:00:00,,,1.25
2013-05-28 19:30:00,,,1.25
2013-05-28 20:00:00,,,1.25
2013-05-28 20:30:00,,,1.25
2013-05-28 21:00:00,,,1.25
2013-05-28 21:30:00,,,1.25
2013-05-28 22:00:00,,,1.25
2013-05-28 22:30:00,,,1.25
2013-05-28 23:00:00,,,1.25
2013-05-28 23:30:00,,,1.25
2013-05-29 00:00:00,,,1.25
2013-05-29 00:30:00,,,1.25
2013-05-29 01:00:00,,,1.25
2013-05-29 01:30:00,,,1.25
2013-05-29 02:00:00,,,1.25
2013-05-29 02:30:00,,,1.25
2013-05-29 03:00:00,0.50864017,1.44089557145,1.25
2013-05-29 03:30:00,0.3024312,1.36210585028,1.25
2013-05-29 04:00:00,0.23457208,1.20801242865,1.25
2013-05-29 04:30:00,0.26672748,1.18316700792,1.25
2013-05-29 05:00:00,0.1068112,1.10194087388,1.25
2013-05-29 05:30:00,0.1174223,1.22105747447,1.25
2013-05-29 06:00:00,0.4150951,1.27333448886,1.25
2013-05-29 06:30:00,,,1.25
2013-05-29 07:00:00,-0.14170286,1.17728954438,1.40667142267
2013-05-29 07:30:00,-0.1648488,1.1462038322,1.42915658246
2013-05-29 08:00:00,-3.7199049,1.97012383496,2.87442605903
2013-05-29 08:30:00,-1.313599,1.56508554142,2.12900010675
2013-05-29 09:00:00,-0.62656548,1.40949244156,1.77838416564
2013-05-29 09:30:00,-1.0955323,1.71979420399,2.03055252582
2013-05-29 10:00:00,-1.2910365,1.81613205604,2.11923313846
2013-05-29 10:30:00,-10.508018,3.14797602614,3.99004907716
2013-05-29 11:00:00,,,1.25
2013-05-29 11:30:00,,,1.25
2013-05-29 12:00:00,,,1.25
2013-05-29 12:30:00,,,1.25
2013-05-29 13:00:00,,,1.25
2013-05-29 13:30:00,,,1.25
2013-05-29 14:00:00,,,1.25
2013-05-29 14:30:00,,,1.25
2013-05-29 15:00:00,,,1.25
2013-05-29 15:30:00,,,1.25
2013-05-29 16:00:00,,,1.25
2013-05-29 16:30:00,,,1.25
2013-05-29 17:00:00,,,1.25
2013-05-29 17:30:00,,,1.25
2013-05-29 18:00:00,,,1.25
2013-05-29 18:30:00,,,1.25
2013-05-29 19:00:00,,,1.25
2013-05-29 19:30:00,,,1.25
2013-05-29 20:00:00,,,1.25
2013-05-29 20:30:00,,,1.25
2013-05-29 21:00:00,,,1.25
2013-05-29 21:30:00,,,1.25
2013-05-29 22:00:00,0.90078438,1.37082058612,1.25
2013-05-29 22:30:00,,,1.25
2013-05-29 23:00:00,,,1.25
2013-05-29 23:30:00,,,1.25
2013-05-30 00:00:00,,,1.25
2013-05-30 00:30:00,,,1.25
2013-05-30 01:00:00,,,1.25
2013-05-30 01:30:00,,,1.25
2013-05-30 02:00:00,0.64062586,1.32908855717,1.25
2013-05-30 02:30:00,,,1.25
2013-05-30 03:00:00,,,1.25
2013-05-30 03:30:00,,,1.25
2013-05-30 04:00:00,,,1.25
2013-05-30 04:30:00,,,1.25
2013-05-30 05:00:00,,,1.25
2013-05-30 05:30:00,,,1.25
2013-05-30 06:00:00,0.27465825,1.28663042552,1.25
2013-05-30 06:30:00,0.034923787,1.0726140362,1.25
2013-05-30 07:00:00,-0.080184337,1.12511151266,1.34312094624
2013-05-30 07:30:00,-0.16613138,1.16340039037,1.43038199564
2013-05-30 08:00:00,-0.49257946,1.39189693872,1.69146037808
2013-05-30 08:30:00,-0.17637384,1.15825937105,1.44009346563
2013-05-30 09:00:00,-0.17520488,1.06672824093,1.4389917218
2013-05-30 09:30:00,-0.15702733,1.15112226871,1.42163783308
2013-05-30 10:00:00,-0.13151598,1.04172012344,1.39654359017
2013-05-30 10:30:00,-0.12019783,1.21755139038,1.38511598904
2013-05-30 11:00:00,-0.09151648,1.19736834196,1.35527962258
2013-05-30 11:30:00,-0.10431673,1.17300115702,1.36875619077
2013-05-30 12:00:00,-0.059365398,1.08880774717,1.3201914952
2013-05-30 12:30:00,-0.13785056,1.25263248263,1.40285863607
2013-05-30 13:00:00,-0.08527933,1.13428276246,1.34861468762
2013-05-30 13:30:00,-0.13777805,1.24567269973,1.40278667089
2013-05-30 14:00:00,-0.097629272,1.20295535462,1.36174867255
2013-05-30 14:30:00,-0.055460536,1.14701522326,1.3158010662
2013-05-30 15:00:00,-0.12297551,1.16822863885,1.3879379789
2013-05-30 15:30:00,-0.24690722,1.35326325733,1.5036720393
2013-05-30 16:00:00,-0.21980552,1.34580730709,1.47988676525
2013-05-30 16:30:00,,,1.25
2013-05-30 17:00:00,,,1.25
2013-05-30 17:30:00,,,1.25
2013-05-30 18:00:00,,,1.25
2013-05-30 18:30:00,,,1.25
2013-05-30 19:00:00,,,1.25
2013-05-30 19:30:00,,,1.25
2013-05-30 20:00:00,,,1.25
2013-05-30 20:30:00,0.67841279,1.21327752678,1.25
2013-05-30 21:00:00,1.1948138,1.38311267073,1.25
2013-05-30 21:30:00,,,1.25
2013-05-30 22:00:00,1.2384848,1.28804200711,1.25
2013-05-30 22:30:00,,,1.25
2013-05-30 23:00:00,,,1.25
2013-05-30 23:30:00,,,1.25
2013-05-31 00:00:00,,,1.25
2013-05-31 00:30:00,,,1.25
2013-05-31 01:00:00,,,1.25
2013-05-31 01:30:00,,,1.25
2013-05-31 02:00:00,,,1.25
2013-05-31 02:30:00,,,1.25
2013-05-31 03:00:00,,,1.25
2013-05-31 03:30:00,,,1.25
2013-05-31 04:00:00,,,1.25
2013-05-31 04:30:00,,,1.25
2013-05-31 05:00:00,,,1.25
2013-05-31 05:30:00,,,1.25
2013-05-31 06:00:00,,,1.25
2013-05-31 06:30:00,,,1.25
2013-05-31 07:00:00,-0.2402427,1.08748715787,1.49789290375
2013-05-31 07:30:00,-0.49030061,1.53265605237,1.68990325844
2013-05-31 08:00:00,-0.33689464,1.27012379607,1.57770068683
2013-05-31 08:30:00,-0.22166412,1.21781369485,1.48154243308
2013-05-31 09:00:00,-0.098218687,1.26520922839,1.36236919774
2013-05-31 09:30:00,-0.16026429,1.38164481564,1.4247591384
2013-05-31 10:00:00,-0.13908619,1.08289045917,1.40408384857
2013-05-31 10:30:00,-0.35111949,1.38243587239,1.58878429304
2013-05-31 11:00:00,-0.76642931,1.37115883129,1.86087307629
2013-05-31 11:30:00,-0.58865102,1.52632396347,1.75465450138
2013-05-31 12:00:00,-0.061150011,1.16245041639,1.3221883363
2013-05-31 12:30:00,-0.24745162,1.27654010877,1.50414215649
2013-05-31 13:00:00,-0.11131774,1.29772152686,1.37601619783
2013-05-31 13:30:00,-0.13783329,1.22987970448,1.4028414965
2013-05-31 14:00:00,0.029303874,1.16045438352,1.25
2013-05-31 14:30:00,-0.12471353,1.08683835185,1.38969790372
2013-05-31 15:00:00,-0.062727533,1.31378527856,1.32394845035
2013-05-31 15:30:00,-0.069187199,1.12933892327,1.33110743953
2013-05-31 16:00:00,-0.075477408,1.25548938844,1.33800539319
2013-05-31 16:30:00,,,1.25
2013-05-31 17:00:00,0.13651869,1.09122365785,1.25
2013-05-31 17:30:00,,,1.25
2013-05-31 18:00:00,,,1.25
2013-05-31 18:30:00,,,1.25
2013-05-31 19:00:00,,,1.25
2013-05-31 19:30:00,,,1.25
2013-05-31 20:00:00,0.58669035,1.2251568084,1.25
2013-05-31 20:30:00,,,1.25
2013-05-31 21:00:00,,,1.25
2013-05-31 21:30:00,1.3915676,1.6432403043,1.25
2013-05-31 22:00:00,1.4432392,1.43895613656,1.25
2013-05-31 22:30:00,0.74819416,1.13577239908,1.25
2013-05-31 23:00:00,,,1.25
2013-05-31 23:30:00,,,1.25
2013-06-01 00:00:00,,,1.25
2013-06-01 00:30:00,,,1.25
2013-06-01 01:00:00,,,1.25
2013-06-01 01:30:00,,,1.25
2013-06-01 02:00:00,,,1.25
2013-06-01 02:30:00,,,1.25
2013-06-01 03:00:00,,,1.25
2013-06-01 03:30:00,,,1.25
2013-06-01 04:00:00,,,1.25
2013-06-01 04:30:00,,,1.25
2013-06-01 05:00:00,,,1.25
2013-06-01 05:30:00,,,1.25
2013-06-01 06:00:00,,,1.25
2013-06-01 06:30:00,,,1.25
2013-06-01 07:00:00,,,1.25
2013-06-01 07:30:00,,,1.25
2013-06-01 08:00:00,,,1.25
2013-06-01 08:30:00,,,1.25
2013-06-01 09:00:00,-0.4409742,1.37087986437,1.6554710589
2013-06-01 09:30:00,-0.33997018,1.26375286012,1.58011025421
2013-06-01 10:00:00,-0.16171133,1.15380627961,1.42615006355
2013-06-01 10:30:00,-0.089002971,1.22897390326,1.35260161929
2013-06-01 11:00:00,-0.12873599,1.45686267345,1.39375405363
2013-06-01 11:30:00,,,1.25
2013-06-01 12:00:00,,,1.25
2013-06-01 12:30:00,-0.13684658,1.15978020501,1.40186154231
2013-06-01 13:00:00,-0.11356989,1.13948563721,1.37833545265
2013-06-01 13:30:00,-0.095680635,1.0608430661,1.35969314745
2013-06-01 14:00:00,-0.10861067,1.08244981556,1.37321808085
2013-06-01 14:30:00,-0.11493274,1.00546455245,1.37973512795
2013-06-01 15:00:00,,,1.25
2013-06-01 15:30:00,,,1.25
2013-06-01 16:00:00,,,1.25
2013-06-01 16:30:00,-0.15647519,1.21899859635,1.42110405052
2013-06-01 17:00:00,,,1.25
2013-06-01 17:30:00,,,1.25
2013-06-01 18:00:00,1.0948197,1.56191636446,1.25
2013-06-01 18:30:00,,,1.25
2013-06-01 19:00:00,0.78330351,1.42932097669,1.25
2013-06-01 19:30:00,0.93321751,1.44317490819,1.25
2013-06-01 20:00:00,0.94105546,1.27496931567,1.25
2013-06-01 20:30:00,,,1.25
2013-06-01 21:00:00,,,1.25
2013-06-01 21:30:00,1.1948837,1.37726285642,1.25
2013-06-01 22:00:00,,,1.25
2013-06-01 22:30:00,,,1.25
2013-06-01 23:00:00,,,1.25
2013-06-01 23:30:00,1.2106967,1.15890392195,1.25
2013-06-02 00:00:00,1.2210589,1.28621219373,1.25
2013-06-02 00:30:00,,,1.25
2013-06-02 01:00:00,,,1.25
2013-06-02 01:30:00,,,1.25
2013-06-02 02:00:00,,,1.25
2013-06-02 02:30:00,,,1.25
2013-06-02 03:00:00,,,1.25
2013-06-02 03:30:00,,,1.25
2013-06-02 04:00:00,,,1.25
2013-06-02 04:30:00,,,1.25
2013-06-02 05:00:00,,,1.25
2013-06-02 05:30:00,,,1.25
2013-06-02 06:00:00,,,1.25
2013-06-02 06:30:00,,,1.25
2013-06-02 07:00:00,-0.31697796,1.11943919134,1.5619154827
2013-06-02 07:30:00,-1.2767468,1.38323022696,2.11300047664
2013-06-02 08:00:00,,,1.25
2013-06-02 08:30:00,-0.76886132,1.32581542801,1.86224377509
2013-06-02 09:00:00,,,1.25
2013-06-02 09:30:00,-1.1844774,1.61514720134,2.07184043384
2013-06-02 10:00:00,-4.0883777,2.43463086697,2.9590153426
2013-06-02 10:30:00,-0.4595735,1.20221778158,1.66862143473
2013-06-02 11:00:00,-0.24181868,1.22422209633,1.49926353894
2013-06-02 11:30:00,-0.20789087,1.09755988693,1.46918392491
2013-06-02 12:00:00,-0.23726946,1.17529588057,1.49530021483
2013-06-02 12:30:00,-0.21852377,1.16279981966,1.4787428018
2013-06-02 13:00:00,-0.43666537,1.39657454517,1.65239458282
2013-06-02 13:30:00,-0.25394191,1.22965596358,1.50972435927
2013-06-02 14:00:00,-0.81233114,1.47650506016,1.88641068016
2013-06-02 14:30:00,-1.5845962,1.90293742834,2.23989664963
2013-06-02 15:00:00,,,1.25
2013-06-02 15:30:00,,,1.25
2013-06-02 16:00:00,,,1.25
2013-06-02 16:30:00,,,1.25
2013-06-02 17:00:00,,,1.25
2013-06-02 17:30:00,,,1.25
2013-06-02 18:00:00,,,1.25
2013-06-02 18:30:00,,,1.25
2013-06-02 19:00:00,,,1.25
2013-06-02 19:30:00,,,1.25
2013-06-02 20:00:00,0.063302673,1.14932385499,1.25
2013-06-02 20:30:00,0.14585928,1.45615836155,1.25
2013-06-02 21:00:00,0.48992551,1.36368468142,1.25
2013-06-02 21:30:00,0.22461659,1.09479454646,1.25
2013-06-02 22:00:00,0.37972415,1.21944742734,1.25
2013-06-02 22:30:00,0.36531881,1.19364582723,1.25
2013-06-02 23:00:00,,,1.25
2013-06-02 23:30:00,0.44310029,1.27760735547,1.25
2013-06-03 00:00:00,,,1.25
2013-06-03 00:30:00,,,1.25
2013-06-03 01:00:00,,,1.25
2013-06-03 01:30:00,,,1.25
2013-06-03 02:00:00,,,1.25
2013-06-03 02:30:00,,,1.25
2013-06-03 03:00:00,,,1.25
2013-06-03 03:30:00,,,1.25
2013-06-03 04:00:00,,,1.25
2013-06-03 04:30:00,,,1.25
2013-06-03 05:00:00,,,1.25
2013-06-03 05:30:00,,,1.25
2013-06-03 06:00:00,,,1.25
2013-06-03 06:30:00,,,1.25
2013-06-03 07:00:00,,,1.25
2013-06-03 07:30:00,,,1.25
2013-06-03 08:00:00,,,1.25
2013-06-03 08:30:00,-0.29703576,1.24353145039,1.54578374179
2013-06-03 09:00:00,-0.28883554,1.16884223966,1.53905163713
2013-06-03 09:30:00,-0.31312854,1.0244489572,1.55882754044
2013-06-03 10:00:00,-1.3174558,1.97937341408,2.13066071461
2013-06-03 10:30:00,-1.5454166,1.91076099444,2.22453934094
2013-06-03 11:00:00,-0.61405328,1.37192199715,1.7706233175
2013-06-03 11:30:00,-0.39246991,1.1839108772,1.62015562429
2013-06-03 12:00:00,-0.35577305,1.31828401685,1.59237685135
2013-06-03 12:30:00,-0.16786757,1.16166419501,1.43203746322
2013-06-03 13:00:00,-0.3147459,1.22247066419,1.56012644956
2013-06-03 13:30:00,-0.2707188,1.39178103261,1.52396586253
2013-06-03 14:00:00,-0.26526703,1.20517632074,1.51936723488
2013-06-03 14:30:00,-0.14340401,1.12390575125,1.40834856385
2013-06-03 15:00:00,-0.056052811,1.16359634947,1.31646887567
2013-06-03 15:30:00,-0.11408821,1.28150563533,1.37886811295
2013-06-03 16:00:00,-0.17745529,1.23715137637,1.44111123231
2013-06-03 16:30:00,,,1.25
2013-06-03 17:00:00,0.13331887,1.39704896833,1.25
2013-06-03 17:30:00,,,1.25
2013-06-03 18:00:00,,,1.25
2013-06-03 18:30:00,,,1.25
2013-06-03 19:00:00,0.6919474,1.33665054111,1.25
2013-06-03 19:30:00,,,1.25
2013-06-03 20:00:00,,,1.25
2013-06-03 20:30:00,1.0958763,1.37225360594,1.25
2013-06-03 21:00:00,,,1.25
2013-06-03 21:30:00,,,1.25
2013-06-03 22:00:00,,,1.25
2013-06-03 22:30:00,,,1.25
2013-06-03 23:00:00,,,1.25
2013-06-03 23:30:00,,,1.25
2013-06-04 00:00:00,,,1.25
2013-06-04 00:30:00,,,1.25
2013-06-04 01:00:00,,,1.25
2013-06-04 01:30:00,,,1.25
2013-06-04 02:00:00,,,1.25
2013-06-04 02:30:00,,,1.25
2013-06-04 03:00:00,,,1.25
2013-06-04 03:30:00,,,1.25
2013-06-04 04:00:00,,,1.25
2013-06-04 04:30:00,,,1.25
2013-06-04 05:00:00,,,1.25
2013-06-04 05:30:00,,,1.25
2013-06-04 06:00:00,,,1.25
2013-06-04 06:30:00,,,1.25
2013-06-04 07:00:00,,,1.25
2013-06-04 07:30:00,-1.2015373,1.31712330354,2.07957389394
2013-06-04 08:00:00,-0.38538974,1.37630238306,1.6148702248
2013-06-04 08:30:00,-0.3717246,1.26643898764,1.6045701146
2013-06-04 09:00:00,-0.50130099,1.34889030542,1.69739340888
2013-06-04 09:30:00,-0.41586656,1.24709982757,1.6373806995
2013-06-04 10:00:00,,,1.25
2013-06-04 10:30:00,,,1.25
2013-06-04 11:00:00,,,1.25
2013-06-04 11:30:00,-1.2990315,1.31197112375,2.12270434036
2013-06-04 12:00:00,,,1.25
2013-06-04 12:30:00,,,1.25
2013-06-04 13:00:00,,,1.25
2013-06-04 13:30:00,,,1.25
2013-06-04 14:00:00,,,1.25
2013-06-04 14:30:00,,,1.25
2013-06-04 15:00:00,,,1.25
2013-06-04 15:30:00,,,1.25
2013-06-04 16:00:00,-0.98538151,1.56908528427,1.97697296066
2013-06-04 16:30:00,-0.41885392,1.42091024377,1.63955411082
2013-06-04 17:00:00,,,1.25
2013-06-04 17:30:00,,,1.25
2013-06-04 18:00:00,,,1.25
2013-06-04 18:30:00,,,1.25
2013-06-04 19:00:00,,,1.25
2013-06-04 19:30:00,0.67469012,1.40303976828,1.25
2013-06-04 20:00:00,0.86074778,1.2463804933,1.25
2013-06-04 20:30:00,,,1.25
2013-06-04 21:00:00,,,1.25
2013-06-04 21:30:00,,,1.25
2013-06-04 22:00:00,,,1.25
2013-06-04 22:30:00,,,1.25
2013-06-04 23:00:00,,,1.25
2013-06-04 23:30:00,,,1.25
2013-06-05 00:00:00,,,1.25
2013-06-05 00:30:00,,,1.25
2013-06-05 01:00:00,,,1.25
2013-06-05 01:30:00,,,1.25
2013-06-05 02:00:00,,,1.25
2013-06-05 02:30:00,,,1.25
2013-06-05 03:00:00,,,1.25
2013-06-05 03:30:00,,,1.25
2013-06-05 04:00:00,,,1.25
2013-06-05 04:30:00,,,1.25
2013-06-05 05:00:00,,,1.25
2013-06-05 05:30:00,,,1.25
2013-06-05 06:00:00,,,1.25
2013-06-05 06:30:00,,,1.25
2013-06-05 07:00:00,-0.69856388,1.34411814444,1.82177992098
2013-06-05 07:30:00,-0.48413736,1.14407726688,1.68567752034
2013-06-05 08:00:00,-0.37188825,1.32348821276,1.60469424983
2013-06-05 08:30:00,-0.3306249,1.07763194996,1.57276566001
2013-06-05 09:00:00,-0.4220473,1.36774854818,1.64187105489
2013-06-05 09:30:00,-0.196263,1.16021925075,1.45858615798
2013-06-05 10:00:00,-0.23974046,1.10228539494,1.49745557643
2013-06-05 10:30:00,-0.14883816,1.13023803785,1.41367943884
2013-06-05 11:00:00,-0.19170426,1.13118544484,1.45438894499
2013-06-05 11:30:00,-0.26189136,1.3207226671,1.51650580785
2013-06-05 12:00:00,-0.36292604,1.31235054532,1.59786757142
2013-06-05 12:30:00,-0.17815396,1.09033523309,1.44176799613
2013-06-05 13:00:00,-0.44225918,1.26123774573,1.65638631606
2013-06-05 13:30:00,,,1.25
2013-06-05 14:00:00,,,1.25
2013-06-05 14:30:00,,,1.25
2013-06-05 15:00:00,-0.74683574,1.5282937829,1.84975557171
2013-06-05 15:30:00,,,1.25
2013-06-05 16:00:00,0.021027446,1.29013324084,1.25
2013-06-05 16:30:00,,,1.25
2013-06-05 17:00:00,,,1.25
2013-06-05 17:30:00,,,1.25
2013-06-05 18:00:00,,,1.25
2013-06-05 18:30:00,,,1.25
2013-06-05 19:00:00,,,1.25
2013-06-05 19:30:00,,,1.25
2013-06-05 20:00:00,1.0155243,1.32492163675,1.25
2013-06-05 20:30:00,,,1.25
2013-06-05 21:00:00,,,1.25
2013-06-05 21:30:00,0.55473568,1.25113672387,1.25
2013-06-05 22:00:00,,,1.25
2013-06-05 22:30:00,,,1.25
2013-06-05 23:00:00,,,1.25
2013-06-05 23:30:00,,,1.25
2013-06-06 00:00:00,,,1.25
2013-06-06 00:30:00,,,1.25
2013-06-06 01:00:00,,,1.25
2013-06-06 01:30:00,,,1.25
2013-06-06 02:00:00,,,1.25
2013-06-06 02:30:00,,,1.25
2013-06-06 03:00:00,,,1.25
2013-06-06 03:30:00,,,1.25
2013-06-06 04:00:00,,,1.25
2013-06-06 04:30:00,,,1.25
2013-06-06 05:00:00,,,1.25
2013-06-06 05:30:00,,,1.25
2013-06-06 06:00:00,,,1.25
2013-06-06 06:30:00,,,1.25
2013-06-06 07:00:00,,,1.25
2013-06-06 07:30:00,-0.99854826,1.26579460105,1.98353089918
2013-06-06 08:00:00,-0.62363783,1.37895720702,1.77657432607
2013-06-06 08:30:00,-0.36371334,1.11335618752,1.59846961108
2013-06-06 09:00:00,,,1.25
2013-06-06 09:30:00,,,1.25
2013-06-06 10:00:00,,,1.25
2013-06-06 10:30:00,-0.22328463,1.08964361063,1.48298299308
2013-06-06 11:00:00,-0.24290863,1.28618378452,1.50021000821
2013-06-06 11:30:00,-0.90622425,1.52363924841,1.93659735095
2013-06-06 12:00:00,-0.34361831,1.2170253768,1.58295892877
2013-06-06 12:30:00,-0.69046161,1.52122400795,1.81699929154
2013-06-06 13:00:00,,,1.25
2013-06-06 13:30:00,,,1.25
2013-06-06 14:00:00,,,1.25
2013-06-06 14:30:00,,,1.25
2013-06-06 15:00:00,,,1.25
2013-06-06 15:30:00,0.55852451,1.22041580047,1.25
2013-06-06 16:00:00,,,1.25
2013-06-06 16:30:00,,,1.25
2013-06-06 17:00:00,,,1.25
2013-06-06 17:30:00,,,1.25
2013-06-06 18:00:00,,,1.25
2013-06-06 18:30:00,,,1.25
2013-06-06 19:00:00,,,1.25
2013-06-06 19:30:00,,,1.25
2013-06-06 20:00:00,,,1.25
2013-06-06 20:30:00,,,1.25
2013-06-06 21:00:00,,,1.25
2013-06-06 21:30:00,,,1.25
2013-06-06 22:00:00,0.37660857,1.13315263669,1.25
2013-06-06 22:30:00,,,1.25
2013-06-06 23:00:00,,,1.25
2013-06-06 23:30:00,0.87647268,1.39440426793,1.25
2013-06-07 00:00:00,,,1.25
2013-06-07 00:30:00,0.67556356,1.26721113506,1.25
2013-06-07 01:00:00,,,1.25
2013-06-07 01:30:00,,,1.25
2013-06-07 02:00:00,,,1.25
2013-06-07 02:30:00,,,1.25
2013-06-07 03:00:00,0.41590175,1.11830402706,1.25
2013-06-07 03:30:00,0.27789728,1.20577741896,1.25
2013-06-07 04:00:00,0.19331193,1.08777998517,1.25
2013-06-07 04:30:00,0.10812962,1.24245637498,1.25
2013-06-07 05:00:00,0.041570876,1.08593500362,1.25
2013-06-07 05:30:00,,,1.25
2013-06-07 06:00:00,,,1.25
2013-06-07 06:30:00,,,1.25
2013-06-07 07:00:00,,,1.25
2013-06-07 07:30:00,,,1.25
2013-06-07 08:00:00,-0.073536116,1.19894181691,1.33588413328
2013-06-07 08:30:00,-0.021552191,1.14858016916,1.27637961528
2013-06-07 09:00:00,,,1.25
2013-06-07 09:30:00,-0.016337422,1.11740110038,1.27009693641
2013-06-07 10:00:00,-0.01922773,1.08601510302,1.27358679363
2013-06-07 10:30:00,-0.05211306,1.22102114829,1.31201387137
2013-06-07 11:00:00,-0.020917143,1.11137963886,1.27561782381
2013-06-07 11:30:00,-0.056776833,1.11986200382,1.31728431495
2013-06-07 12:00:00,-0.033895552,1.10660760638,1.29100931565
2013-06-07 12:30:00,-0.0011953999,1.20688002944,1.2514924672
2013-06-07 13:00:00,-0.12278156,1.24651789416,1.38774130749
2013-06-07 13:30:00,-0.035029019,1.07811616809,1.29233620247
2013-06-07 14:00:00,,,1.25
2013-06-07 14:30:00,-0.13955652,1.43731361482,1.40454965187
2013-06-07 15:00:00,-0.032518586,1.17992338898,1.28939369979
2013-06-07 15:30:00,0.019227662,1.15550593253,1.25
2013-06-07 16:00:00,0.088528207,1.41219091883,1.25
2013-06-07 16:30:00,0.091719962,1.17341214735,1.25
2013-06-07 17:00:00,,,1.25
2013-06-07 17:30:00,,,1.25
2013-06-07 18:00:00,0.7483376,1.59970422634,1.25
2013-06-07 18:30:00,,,1.25
2013-06-07 19:00:00,,,1.25
2013-06-07 19:30:00,,,1.25
2013-06-07 20:00:00,,,1.25
2013-06-07 20:30:00,,,1.25
2013-06-07 21:00:00,,,1.25
2013-06-07 21:30:00,,,1.25
2013-06-07 22:00:00,,,1.25
2013-06-07 22:30:00,,,1.25
2013-06-07 23:00:00,,,1.25
2013-06-07 23:30:00,,,1.25
2013-06-08 00:00:00,,,1.25
2013-06-08 00:30:00,,,1.25
2013-06-08 01:00:00,,,1.25
2013-06-08 01:30:00,,,1.25
2013-06-08 02:00:00,,,1.25
2013-06-08 02:30:00,,,1.25
2013-06-08 03:00:00,,,1.25
2013-06-08 03:30:00,,,1.25
2013-06-08 04:00:00,,,1.25
2013-06-08 04:30:00,,,1.25
2013-06-08 05:00:00,,,1.25
2013-06-08 05:30:00,,,1.25
2013-06-08 06:00:00,,,1.25
2013-06-08 06:30:00,,,1.25
2013-06-08 07:00:00,,,1.25
2013-06-08 07:30:00,,,1.25
2013-06-08 08:00:00,-0.49491469,1.19701745982,1.69305305313
2013-06-08 08:30:00,,,1.25
2013-06-08 09:00:00,,,1.25
2013-06-08 09:30:00,,,1.25
2013-06-08 10:00:00,,,1.25
2013-06-08 10:30:00,,,1.25
2013-06-08 11:00:00,,,1.25
2013-06-08 11:30:00,,,1.25
2013-06-08 12:00:00,,,1.25
2013-06-08 12:30:00,-1.2417009,1.94254862166,2.0975569633
2013-06-08 13:00:00,-0.23744917,1.2215522154,1.49545717877
2013-06-08 13:30:00,-1.0296938,1.43553302098,1.99887329116
2013-06-08 14:00:00,,,1.25
2013-06-08 14:30:00,,,1.25
2013-06-08 15:00:00,,,1.25
2013-06-08 15:30:00,,,1.25
2013-06-08 16:00:00,,,1.25
2013-06-08 16:30:00,,,1.25
2013-06-08 17:00:00,,,1.25
2013-06-08 17:30:00,,,1.25
2013-06-08 18:00:00,,,1.25
2013-06-08 18:30:00,,,1.25
2013-06-08 19:00:00,,,1.25
2013-06-08 19:30:00,,,1.25
2013-06-08 20:00:00,,,1.25
2013-06-08 20:30:00,,,1.25
2013-06-08 21:00:00,,,1.25
2013-06-08 21:30:00,,,1.25
2013-06-08 22:00:00,,,1.25
2013-06-08 22:30:00,0.14983066,1.29702732343,1.25
2013-06-08 23:00:00,0.34880483,1.46489509351,1.25
2013-06-08 23:30:00,0.26917817,1.39691049489,1.25
2013-06-09 00:00:00,0.20204054,1.44834453334,1.25
2013-06-09 00:30:00,0.13755188,1.22879277997,1.25
2013-06-09 01:00:00,0.084920457,1.27470212776,1.25
2013-06-09 01:30:00,0.079364029,1.22038792226,1.25
2013-06-09 02:00:00,0.11677028,1.20861097834,1.25
2013-06-09 02:30:00,,,1.25
2013-06-09 03:00:00,,,1.25
2013-06-09 03:30:00,,,1.25
2013-06-09 04:00:00,,,1.25
2013-06-09 04:30:00,,,1.25
2013-06-09 05:00:00,,,1.25
2013-06-09 05:30:00,,,1.25
2013-06-09 06:00:00,,,1.25
2013-06-09 06:30:00,,,1.25
2013-06-09 07:00:00,,,1.25
2013-06-09 07:30:00,,,1.25
2013-06-09 08:00:00,,,1.25
2013-06-09 08:30:00,-0.37964154,1.28823052423,1.61055356252
2013-06-09 09:00:00,-0.18003925,1.09507671105,1.44353722744
2013-06-09 09:30:00,-0.48412846,1.35058012421,1.68567140285
2013-06-09 10:00:00,-6.2705141,2.51481739694,3.38233101796
2013-06-09 10:30:00,-1.1730684,1.69785491452,2.06663620524
2013-06-09 11:00:00,-0.50438313,1.26731676649,1.69948022199
2013-06-09 11:30:00,-0.37761031,1.30340368516,1.60902264539
2013-06-09 12:00:00,-0.39468788,1.22356317922,1.62180428156
2013-06-09 12:30:00,-2.6552125,2.02111590558,2.59679144357
2013-06-09 13:00:00,-6.4860159,2.69724565233,3.41872951949
2013-06-09 13:30:00,-1.0941865,1.27256537623,2.02991482275
2013-06-09 14:00:00,-0.49577679,1.24763751519,1.69364026649
2013-06-09 14:30:00,-1.2189118,1.61613522183,2.08739128959
2013-06-09 15:00:00,,,1.25
2013-06-09 15:30:00,-0.043072541,1.02584084514,1.30167499474
2013-06-09 16:00:00,,,1.25
2013-06-09 16:30:00,,,1.25
2013-06-09 17:00:00,,,1.25
2013-06-09 17:30:00,,,1.25
2013-06-09 18:00:00,,,1.25
2013-06-09 18:30:00,,,1.25
2013-06-09 19:00:00,,,1.25
2013-06-09 19:30:00,0.57591318,1.43598651941,1.25
2013-06-09 20:00:00,,,1.25
2013-06-09 20:30:00,0.67876846,1.37958203709,1.25
2013-06-09 21:00:00,0.74955145,1.49367819637,1.25
2013-06-09 21:30:00,,,1.25
2013-06-09 22:00:00,,,1.25
2013-06-09 22:30:00,,,1.25
2013-06-09 23:00:00,,,1.25
2013-06-09 23:30:00,,,1.25
2013-06-10 00:00:00,,,1.25
2013-06-10 00:30:00,,,1.25
2013-06-10 01:00:00,,,1.25
2013-06-10 01:30:00,,,1.25
2013-06-10 02:00:00,1.1889647,1.77322031881,1.25
2013-06-10 02:30:00,,,1.25
2013-06-10 03:00:00,0.54065862,1.32419082275,1.25
2013-06-10 03:30:00,,,1.25
2013-06-10 04:00:00,0.3797351,1.16587903548,1.25
2013-06-10 04:30:00,0.62451312,1.35792139724,1.25
2013-06-10 05:00:00,,,1.25
2013-06-10 05:30:00,0.59923681,1.29275915924,1.25
2013-06-10 06:00:00,,,1.25
2013-06-10 06:30:00,,,1.25
2013-06-10 07:00:00,-0.29009452,1.36174416343,1.54008904558
2013-06-10 07:30:00,-0.59972371,1.47650766713,1.76165081781
2013-06-10 08:00:00,-1.9399163,1.61369772787,2.37046096361
2013-06-10 08:30:00,,,1.25
2013-06-10 09:00:00,,,1.25
2013-06-10 09:30:00,,,1.25
2013-06-10 10:00:00,-0.67331573,1.38598364947,1.80679880994
2013-06-10 10:30:00,,,1.25
2013-06-10 11:00:00,-0.28380586,1.15019215165,1.53489312471
2013-06-10 11:30:00,-0.30622179,1.35129285379,1.5532561864
2013-06-10 12:00:00,-0.27514748,1.18186527303,1.52768117646
2013-06-10 12:30:00,-0.179104,1.28035136338,1.44266009395
2013-06-10 13:00:00,-0.10760459,1.18495208176,1.37217525119
2013-06-10 13:30:00,,,1.25
2013-06-10 14:00:00,,,1.25
2013-06-10 14:30:00,-0.69454496,1.38835105291,1.8194117544
2013-06-10 15:00:00,-0.27248582,1.40725368155,1.52545042348
2013-06-10 15:30:00,-0.0095643505,1.29100381185,1.26184288072
2013-06-10 16:00:00,,,1.25
2013-06-10 16:30:00,0.058743591,1.23548907337,1.25
2013-06-10 17:00:00,,,1.25
2013-06-10 17:30:00,,,1.25
2013-06-10 18:00:00,,,1.25
2013-06-10 18:30:00,,,1.25
2013-06-10 19:00:00,,,1.25
2013-06-10 19:30:00,,,1.25
2013-06-10 20:00:00,,,1.25
2013-06-10 20:30:00,,,1.25
2013-06-10 21:00:00,,,1.25
2013-06-10 21:30:00,0.93811372,1.31691893296,1.25
2013-06-10 22:00:00,0.74414344,1.32661703189,1.25
2013-06-10 22:30:00,,,1.25
2013-06-10 23:00:00,,,1.25
2013-06-10 23:30:00,,,1.25
2013-06-11 00:00:00,,,1.25
2013-06-11 00:30:00,,,1.25
2013-06-11 01:00:00,,,1.25
2013-06-11 01:30:00,,,1.25
2013-06-11 02:00:00,,,1.25
2013-06-11 02:30:00,,,1.25
2013-06-11 03:00:00,,,1.25
2013-06-11 03:30:00,,,1.25
2013-06-11 04:00:00,,,1.25
2013-06-11 04:30:00,,,1.25
2013-06-11 05:00:00,,,1.25
2013-06-11 05:30:00,,,1.25
2013-06-11 06:00:00,,,1.25
2013-06-11 06:30:00,,,1.25
2013-06-11 07:00:00,,,1.25
2013-06-11 07:30:00,,,1.25
2013-06-11 08:00:00,,,1.25
2013-06-11 08:30:00,-0.67817484,1.45797844075,1.80970129307
2013-06-11 09:00:00,-0.21265266,1.11790117491,1.47348006674
2013-06-11 09:30:00,-0.17372975,1.15447924307,1.43759900074
2013-06-11 10:00:00,,,1.25
2013-06-11 10:30:00,,,1.25
2013-06-11 11:00:00,-1.6500217,1.76425844761,2.26508194753
2013-06-11 11:30:00,-0.070498268,1.14694985831,1.33255107799
2013-06-11 12:00:00,-0.070104441,1.04711722489,1.33211775769
2013-06-11 12:30:00,-0.043077708,0.997012714908,1.30168095084
2013-06-11 13:00:00,,,1.25
2013-06-11 13:30:00,-0.048869897,1.18747593175,1.30832372132
2013-06-11 14:00:00,-0.021317433,1.12652057198,1.27609811002
2013-06-11 14:30:00,,,1.25
2013-06-11 15:00:00,-0.75320228,1.30223853989,1.85338262156
2013-06-11 15:30:00,-0.27799194,1.19324987693,1.53005795606
2013-06-11 16:00:00,,,1.25
2013-06-11 16:30:00,,,1.25
2013-06-11 17:00:00,,,1.25
2013-06-11 17:30:00,,,1.25
2013-06-11 18:00:00,,,1.25
2013-06-11 18:30:00,,,1.25
2013-06-11 19:00:00,,,1.25
2013-06-11 19:30:00,,,1.25
2013-06-11 20:00:00,0.60919865,1.26216212335,1.25
2013-06-11 20:30:00,,,1.25
2013-06-11 21:00:00,0.73526176,1.47173550153,1.25
2013-06-11 21:30:00,0.58302921,1.39430752448,1.25
2013-06-11 22:00:00,0.55455483,1.47516972321,1.25
2013-06-11 22:30:00,1.069175,1.23371208154,1.25
2013-06-11 23:00:00,0.970044,1.13566496934,1.25
2013-06-11 23:30:00,,,1.25
2013-06-12 00:00:00,,,1.25
2013-06-12 00:30:00,,,1.25
2013-06-12 01:00:00,,,1.25
2013-06-12 01:30:00,,,1.25
2013-06-12 02:00:00,,,1.25
2013-06-12 02:30:00,,,1.25
2013-06-12 03:00:00,,,1.25
2013-06-12 03:30:00,,,1.25
2013-06-12 04:00:00,,,1.25
2013-06-12 04:30:00,,,1.25
2013-06-12 05:00:00,,,1.25
2013-06-12 05:30:00,,,1.25
2013-06-12 06:00:00,,,1.25
2013-06-12 06:30:00,,,1.25
2013-06-12 07:00:00,-0.48323278,1.23177645203,1.68505552334
2013-06-12 07:30:00,-0.20526014,1.07824858284,1.46679963548
2013-06-12 08:00:00,-0.14283299,1.19993049914,1.40778604831
2013-06-12 08:30:00,-0.40908906,1.52748809069,1.63242831391
2013-06-12 09:00:00,-0.10466971,1.11153348677,1.36912407504
2013-06-12 09:30:00,-0.1750646,1.09284713598,1.43885939459
2013-06-12 10:00:00,-0.22344204,1.21337599,1.48312277438
2013-06-12 10:30:00,-0.18255912,1.26812126354,1.44589522298
2013-06-12 11:00:00,-0.061685897,1.35318096133,1.32278677443
2013-06-12 11:30:00,-0.13353136,1.3524289633,1.39855894449
2013-06-12 12:00:00,-0.17439371,1.04445525249,1.43822620207
2013-06-12 12:30:00,-0.1161508,1.17660552856,1.38098370207
2013-06-12 13:00:00,-0.17135578,1.25833355056,1.43535197143
2013-06-12 13:30:00,,,1.25
2013-06-12 14:00:00,,,1.25
2013-06-12 14:30:00,0.014824954,1.07998879776,1.25
2013-06-12 15:00:00,0.0082582868,1.1278989464,1.25
2013-06-12 15:30:00,,,1.25
2013-06-12 16:00:00,,,1.25
2013-06-12 16:30:00,,,1.25
2013-06-12 17:00:00,,,1.25
2013-06-12 17:30:00,,,1.25
2013-06-12 18:00:00,,,1.25
2013-06-12 18:30:00,,,1.25
2013-06-12 19:00:00,,,1.25
2013-06-12 19:30:00,,,1.25
2013-06-12 20:00:00,0.62707223,1.33699100464,1.25
2013-06-12 20:30:00,1.0019321,1.35802442748,1.25
2013-06-12 21:00:00,0.6959826,1.27761525949,1.25
2013-06-12 21:30:00,0.68912944,1.51560669779,1.25
2013-06-12 22:00:00,0.9272158,1.43008908776,1.25
2013-06-12 22:30:00,0.67452181,1.32700528338,1.25
2013-06-12 23:00:00,0.73376369,1.403382874,1.25
2013-06-12 23:30:00,0.57710151,1.26367571437,1.25
2013-06-13 00:00:00,,,1.25
2013-06-13 00:30:00,,,1.25
2013-06-13 01:00:00,,,1.25
2013-06-13 01:30:00,,,1.25
2013-06-13 02:00:00,,,1.25
2013-06-13 02:30:00,,,1.25
2013-06-13 03:00:00,,,1.25
2013-06-13 03:30:00,0.59129736,1.1887052111,1.25
2013-06-13 04:00:00,0.77876619,1.18036480123,1.25
2013-06-13 04:30:00,0.31610456,1.19963447175,1.25
2013-06-13 05:00:00,,,1.25
2013-06-13 05:30:00,,,1.25
2013-06-13 06:00:00,,,1.25
2013-06-13 06:30:00,,,1.25
2013-06-13 07:00:00,-0.25628292,1.23062982262,1.51172773225
2013-06-13 07:30:00,-0.15420956,1.10726649085,1.41890953784
2013-06-13 08:00:00,-0.25080805,1.25582959422,1.50703413543
2013-06-13 08:30:00,-0.22326715,1.36923466508,1.48296746908
2013-06-13 09:00:00,-0.14780873,1.14556229642,1.41267265947
2013-06-13 09:30:00,-0.21397591,1.25940358158,1.47466948031
2013-06-13 10:00:00,-0.19013978,1.44440927489,1.45294293668
2013-06-13 10:30:00,-0.38532416,1.20983533996,1.61482110694
2013-06-13 11:00:00,-0.15318883,1.05658078153,1.41791862643
2013-06-13 11:30:00,-0.067813214,1.08426179141,1.32959115531
2013-06-13 12:00:00,,,1.25
2013-06-13 12:30:00,0.03210542,1.0303760123,1.25
2013-06-13 13:00:00,-0.038556996,1.11589752323,1.29644886827
2013-06-13 13:30:00,-0.072295859,1.22989764548,1.33452536328
2013-06-13 14:00:00,-0.098681663,1.00348019262,1.3628562142
2013-06-13 14:30:00,0.016200944,1.24944655353,1.25
2013-06-13 15:00:00,0.05047965,1.12140038548,1.25
2013-06-13 15:30:00,,,1.25
2013-06-13 16:00:00,,,1.25
2013-06-13 16:30:00,,,1.25
2013-06-13 17:00:00,,,1.25
2013-06-13 17:30:00,,,1.25
2013-06-13 18:00:00,,,1.25
2013-06-13 18:30:00,0.41256567,1.30775710918,1.25
2013-06-13 19:00:00,,,1.25
2013-06-13 19:30:00,,,1.25
2013-06-13 20:00:00,,,1.25
2013-06-13 20:30:00,,,1.25
2013-06-13 21:00:00,,,1.25
2013-06-13 21:30:00,0.24593457,1.33132329508,1.25
2013-06-13 22:00:00,0.4408482,1.36114025096,1.25
2013-06-13 22:30:00,0.40146407,1.26694981361,1.25
2013-06-13 23:00:00,0.75365886,1.53558169427,1.25
2013-06-13 23:30:00,,,1.25
2013-06-14 00:00:00,0.41369219,1.22944846818,1.25
2013-06-14 00:30:00,,,1.25
2013-06-14 01:00:00,,,1.25
2013-06-14 01:30:00,,,1.25
2013-06-14 02:00:00,,,1.25
2013-06-14 02:30:00,,,1.25
2013-06-14 03:00:00,,,1.25
2013-06-14 03:30:00,,,1.25
2013-06-14 04:00:00,,,1.25
2013-06-14 04:30:00,,,1.25
2013-06-14 05:00:00,,,1.25
2013-06-14 05:30:00,,,1.25
2013-06-14 06:00:00,,,1.25
2013-06-14 06:30:00,,,1.25
2013-06-14 07:00:00,,,1.25
2013-06-14 07:30:00,,,1.25
2013-06-14 08:00:00,,,1.25
2013-06-14 08:30:00,,,1.25
2013-06-14 09:00:00,,,1.25
2013-06-14 09:30:00,-4.8781061,1.9346875665,3.12562109655
2013-06-14 10:00:00,-7.9295406,2.81646374184,3.64469177612
2013-06-14 10:30:00,-0.65739113,1.68586531874,1.79722062337
2013-06-14 11:00:00,-0.30949633,1.13764158753,1.55590257993
2013-06-14 11:30:00,-0.65292794,1.49322736977,1.79451774854
2013-06-14 12:00:00,-0.65608882,1.68240612622,1.79643279427
2013-06-14 12:30:00,,,1.25
2013-06-14 13:00:00,,,1.25
2013-06-14 13:30:00,,,1.25
2013-06-14 14:00:00,,,1.25
2013-06-14 14:30:00,-0.64715983,1.75409766142,1.79101251756
2013-06-14 15:00:00,,,1.25
2013-06-14 15:30:00,,,1.25
2013-06-14 16:00:00,0.18265816,1.1920022172,1.25
2013-06-14 16:30:00,,,1.25
2013-06-14 17:00:00,,,1.25
2013-06-14 17:30:00,,,1.25
2013-06-14 18:00:00,,,1.25
2013-06-14 18:30:00,,,1.25
2013-06-14 19:00:00,,,1.25
2013-06-14 19:30:00,,,1.25
2013-06-14 20:00:00,,,1.25
2013-06-14 20:30:00,,,1.25
2013-06-14 21:00:00,,,1.25
2013-06-14 21:30:00,,,1.25
2013-06-14 22:00:00,,,1.25
2013-06-14 22:30:00,0.35300523,1.16442185668,1.25
2013-06-14 23:00:00,0.15626732,1.09349778992,1.25
2013-06-14 23:30:00,0.13506547,1.16944465716,1.25
2013-06-15 00:00:00,,,1.25
2013-06-15 00:30:00,0.76336743,1.41421204243,1.25
2013-06-15 01:00:00,,,1.25
2013-06-15 01:30:00,,,1.25
2013-06-15 02:00:00,,,1.25
2013-06-15 02:30:00,,,1.25
2013-06-15 03:00:00,,,1.25
2013-06-15 03:30:00,,,1.25
2013-06-15 04:00:00,,,1.25
2013-06-15 04:30:00,,,1.25
2013-06-15 05:00:00,,,1.25
2013-06-15 05:30:00,,,1.25
2013-06-15 06:00:00,,,1.25
2013-06-15 06:30:00,,,1.25
2013-06-15 07:00:00,,,1.25
2013-06-15 07:30:00,-0.42075102,1.06432119575,1.64093133297
2013-06-15 08:00:00,-0.41708768,1.39318456628,1.6382698049
2013-06-15 08:30:00,-0.60709459,1.15017294019,1.76627749946
2013-06-15 09:00:00,-1.8023482,1.93723944643,2.32164561855
2013-06-15 09:30:00,-0.31983119,1.18721771687,1.5641964428
2013-06-15 10:00:00,-0.15797841,1.15562285059,1.422556353
2013-06-15 10:30:00,-0.27335589,1.22822569605,1.52618035185
2013-06-15 11:00:00,-0.13650327,1.21369546358,1.40152026142
2013-06-15 11:30:00,-0.14676656,1.19005252379,1.41165195656
2013-06-15 12:00:00,-0.62451635,1.58352356667,1.77711780421
2013-06-15 12:30:00,-0.11704039,1.20097633914,1.38189415298
2013-06-15 13:00:00,-0.7434456,1.70432058556,1.84781837426
2013-06-15 13:30:00,-0.41884083,1.23724446998,1.63954459994
2013-06-15 14:00:00,-0.37469669,1.22646904092,1.60682158041
2013-06-15 14:30:00,-0.73151159,1.74221799392,1.84096650179
2013-06-15 15:00:00,-0.91681173,1.3686879082,1.94209543757
2013-06-15 15:30:00,-0.049960529,1.15994605155,1.30956699062
2013-06-15 16:00:00,-0.25674965,1.1444565623,1.51212651286
2013-06-15 16:30:00,,,1.25
2013-06-15 17:00:00,,,1.25
2013-06-15 17:30:00,,,1.25
2013-06-15 18:00:00,,,1.25
2013-06-15 18:30:00,,,1.25
2013-06-15 19:00:00,,,1.25
2013-06-15 19:30:00,,,1.25
2013-06-15 20:00:00,,,1.25
2013-06-15 20:30:00,,,1.25
2013-06-15 21:00:00,,,1.25
2013-06-15 21:30:00,,,1.25
2013-06-15 22:00:00,,,1.25
2013-06-15 22:30:00,,,1.25
2013-06-15 23:00:00,,,1.25
2013-06-15 23:30:00,,,1.25
2013-06-16 00:00:00,,,1.25
2013-06-16 00:30:00,,,1.25
2013-06-16 01:00:00,,,1.25
2013-06-16 01:30:00,,,1.25
2013-06-16 02:00:00,,,1.25
2013-06-16 02:30:00,,,1.25
2013-06-16 03:00:00,,,1.25
2013-06-16 03:30:00,,,1.25
2013-06-16 04:00:00,,,1.25
2013-06-16 04:30:00,,,1.25
2013-06-16 05:00:00,,,1.25
2013-06-16 05:30:00,,,1.25
2013-06-16 06:00:00,,,1.25
2013-06-16 06:30:00,,,1.25
2013-06-16 07:00:00,,,1.25
2013-06-16 07:30:00,,,1.25
2013-06-16 08:00:00,,,1.25
2013-06-16 08:30:00,-0.92748106,1.29812050845,1.94760471496
2013-06-16 09:00:00,-0.45278849,1.3789317265,1.66384825476
2013-06-16 09:30:00,-0.49864243,1.27588538326,1.69558925667
2013-06-16 10:00:00,-0.58176596,1.45109566896,1.75027586637
2013-06-16 10:30:00,-0.42233896,1.34760213583,1.64208234197
2013-06-16 11:00:00,-0.24790221,1.19514535046,1.5045310418
2013-06-16 11:30:00,-0.3354137,1.21198776249,1.5765377974
2013-06-16 12:00:00,-0.54725369,1.35831546217,1.72798986792
2013-06-16 12:30:00,-0.61018976,1.28264179052,1.76821312269
2013-06-16 13:00:00,-0.33397543,1.18405520088,1.57540676957
2013-06-16 13:30:00,-0.15874482,1.17949402784,1.42329566296
2013-06-16 14:00:00,-0.084451623,1.07945375503,1.34772524619
2013-06-16 14:30:00,-0.14995788,1.14763508857,1.41477289585
2013-06-16 15:00:00,,,1.25
2013-06-16 15:30:00,,,1.25
2013-06-16 16:00:00,-0.061623519,1.09569482108,1.3227171431
2013-06-16 16:30:00,,,1.25
2013-06-16 17:00:00,0.10861288,1.11687685107,1.25
2013-06-16 17:30:00,0.45066119,1.23725200681,1.25
2013-06-16 18:00:00,1.3774473,1.59895237693,1.25
2013-06-16 18:30:00,0.8984894,1.41735301217,1.25
2013-06-16 19:00:00,1.0746901,1.34148985343,1.25
2013-06-16 19:30:00,0.4415485,1.34006897484,1.25
2013-06-16 20:00:00,0.99044285,1.40894972966,1.25
2013-06-16 20:30:00,,,1.25
2013-06-16 21:00:00,0.99024141,1.34278075599,1.25
2013-06-16 21:30:00,,,1.25
2013-06-16 22:00:00,,,1.25
2013-06-16 22:30:00,,,1.25
2013-06-16 23:00:00,,,1.25
2013-06-16 23:30:00,,,1.25
2013-06-17 00:00:00,,,1.25
2013-06-17 00:30:00,,,1.25
2013-06-17 01:00:00,,,1.25
2013-06-17 01:30:00,,,1.25
2013-06-17 02:00:00,,,1.25
2013-06-17 02:30:00,,,1.25
2013-06-17 03:00:00,,,1.25
2013-06-17 03:30:00,,,1.25
2013-06-17 04:00:00,,,1.25
2013-06-17 04:30:00,,,1.25
2013-06-17 05:00:00,,,1.25
2013-06-17 05:30:00,1.1976126,1.4733593488,1.25
2013-06-17 06:00:00,0.7680913,1.26867271308,1.25
2013-06-17 06:30:00,,,1.25
2013-06-17 07:00:00,-0.23471779,1.28672453034,1.49306794723
2013-06-17 07:30:00,-0.2067576,1.36429851692,1.46815776636
2013-06-17 08:00:00,-0.091516595,1.19630651908,1.35527974486
2013-06-17 08:30:00,-0.15377855,1.27934249198,1.4184912878
2013-06-17 09:00:00,-0.19571967,1.35911908458,1.45808718374
2013-06-17 09:30:00,-0.11799019,1.13269811042,1.38286490343
2013-06-17 10:00:00,-0.090902511,1.17016419182,1.35462644993
2013-06-17 10:30:00,-0.040396814,1.19228424067,1.29858328546
2013-06-17 11:00:00,-0.021638168,1.15802390076,1.27648268178
2013-06-17 11:30:00,-0.11323718,1.14814431708,1.37799332053
2013-06-17 12:00:00,-0.033828429,1.17310398312,1.29093065291
2013-06-17 12:30:00,-0.070645355,1.26756876874,1.33271284273
2013-06-17 13:00:00,-0.054497541,1.10041665975,1.31471380844
2013-06-17 13:30:00,-0.18356413,1.35231142555,1.44683353001
2013-06-17 14:00:00,-0.12335875,1.17464297849,1.38832643255
2013-06-17 14:30:00,,,1.25
2013-06-17 15:00:00,0.030967825,1.12195177841,1.25
2013-06-17 15:30:00,-0.17319243,1.17249524126,1.43709102732
2013-06-17 16:00:00,,,1.25
2013-06-17 16:30:00,,,1.25
2013-06-17 17:00:00,,,1.25
2013-06-17 17:30:00,,,1.25
2013-06-17 18:00:00,,,1.25
2013-06-17 18:30:00,0.47299499,1.22283687225,1.25
2013-06-17 19:00:00,0.58489915,1.33279296922,1.25
2013-06-17 19:30:00,,,1.25
2013-06-17 20:00:00,,,1.25
2013-06-17 20:30:00,,,1.25
2013-06-17 21:00:00,1.158486,1.37704967697,1.25
2013-06-17 21:30:00,0.55371178,1.29954124958,1.25
2013-06-17 22:00:00,0.54989089,1.32468641203,1.25
2013-06-17 22:30:00,0.74027682,1.61340989923,1.25
2013-06-17 23:00:00,,,1.25
2013-06-17 23:30:00,,,1.25
2013-06-18 00:00:00,,,1.25
2013-06-18 00:30:00,,,1.25
2013-06-18 01:00:00,,,1.25
2013-06-18 01:30:00,,,1.25
2013-06-18 02:00:00,,,1.25
2013-06-18 02:30:00,0.85672842,1.37559769828,1.25
2013-06-18 03:00:00,0.77726559,1.28787617953,1.25
2013-06-18 03:30:00,0.96036386,1.38296562464,1.25
2013-06-18 04:00:00,,,1.25
2013-06-18 04:30:00,1.086253,1.56255028347,1.25
2013-06-18 05:00:00,,,1.25
2013-06-18 05:30:00,0.90504055,1.60489450914,1.25
2013-06-18 06:00:00,,,1.25
2013-06-18 06:30:00,,,1.25
2013-06-18 07:00:00,-0.79926373,1.37630065018,1.87921112575
2013-06-18 07:30:00,-0.30261559,1.28623260383,1.55033128162
2013-06-18 08:00:00,-0.52157557,1.37691404558,1.71102771634
2013-06-18 08:30:00,-0.24818086,1.22065060981,1.50477143235
2013-06-18 09:00:00,-0.10795125,1.19028853887,1.37253475279
2013-06-18 09:30:00,-0.089633857,1.26657748753,1.35327478967
2013-06-18 10:00:00,-0.052726811,1.10503913552,1.31270988065
2013-06-18 10:30:00,-0.09307594,1.13527436276,1.35693583426
2013-06-18 11:00:00,-0.095047561,1.03302456796,1.35902400829
2013-06-18 11:30:00,-0.086364253,1.11979011609,1.34977875568
2013-06-18 12:00:00,-0.15191664,1.28924485806,1.41668165882
2013-06-18 12:30:00,-0.10296963,1.02985172475,1.3673503899
2013-06-18 13:00:00,-0.049068516,1.26620732566,1.30855031364
2013-06-18 13:30:00,-0.060028336,1.30513264043,1.32093397538
2013-06-18 14:00:00,,,1.25
2013-06-18 14:30:00,,,1.25
2013-06-18 15:00:00,-0.032455779,1.22085505952,1.28931991075
2013-06-18 15:30:00,,,1.25
2013-06-18 16:00:00,,,1.25
2013-06-18 16:30:00,,,1.25
2013-06-18 17:00:00,0.93658369,1.3272353969,1.25
2013-06-18 17:30:00,0.55672674,1.08569136291,1.25
2013-06-18 18:00:00,0.51734946,1.17095821043,1.25
2013-06-18 18:30:00,0.42510985,1.26720286608,1.25
2013-06-18 19:00:00,0.40767416,1.31480553784,1.25
2013-06-18 19:30:00,0.49756114,1.47953813869,1.25
2013-06-18 20:00:00,0.83040956,1.54790569334,1.25
2013-06-18 20:30:00,,,1.25
2013-06-18 21:00:00,,,1.25
2013-06-18 21:30:00,0.61131566,1.30777304234,1.25
2013-06-18 22:00:00,0.78829915,1.34127891506,1.25
2013-06-18 22:30:00,0.76996609,1.275196215,1.25
2013-06-18 23:00:00,1.3069895,1.59735138424,1.25
2013-06-18 23:30:00,,,1.25
2013-06-19 00:00:00,,,1.25
2013-06-19 00:30:00,,,1.25
2013-06-19 01:00:00,,,1.25
2013-06-19 01:30:00,,,1.25
2013-06-19 02:00:00,0.73925997,1.3184426904,1.25
2013-06-19 02:30:00,,,1.25
2013-06-19 03:00:00,,,1.25
2013-06-19 03:30:00,,,1.25
2013-06-19 04:00:00,,,1.25
2013-06-19 04:30:00,,,1.25
2013-06-19 05:00:00,,,1.25
2013-06-19 05:30:00,,,1.25
2013-06-19 06:00:00,0.56415796,1.35981250556,1.25
2013-06-19 06:30:00,,,1.25
2013-06-19 07:00:00,-0.25598167,1.13776742164,1.51147022829
2013-06-19 07:30:00,-0.53366814,1.34132997405,1.71905739295
2013-06-19 08:00:00,-0.1971546,1.14291896555,1.45940423156
2013-06-19 08:30:00,-0.20942759,1.1577404382,1.47057311559
2013-06-19 09:00:00,-0.10060502,1.28385687344,1.36487572637
2013-06-19 09:30:00,-0.087867003,1.20482553131,1.35138782214
2013-06-19 10:00:00,-0.14553187,1.16042120939,1.41044078582
2013-06-19 10:30:00,-0.1440797,1.07189447431,1.40901361057
2013-06-19 11:00:00,-0.1159893,1.0149092192,1.38081828608
2013-06-19 11:30:00,-0.15347564,1.2129502584,1.41819719774
2013-06-19 12:00:00,-0.11100805,1.07854160242,1.37569666831
2013-06-19 12:30:00,-0.038147684,1.21641931598,1.29597305875
2013-06-19 13:00:00,-0.11942016,1.11437813232,1.38432384987
2013-06-19 13:30:00,-0.24218822,1.18152723454,1.49958456667
2013-06-19 14:00:00,-0.11523815,1.26571734853,1.38004840115
2013-06-19 14:30:00,-0.20277702,1.12699620004,1.46454199501
2013-06-19 15:00:00,-0.19483062,1.23165506183,1.45726997562
2013-06-19 15:30:00,,,1.25
2013-06-19 16:00:00,,,1.25
2013-06-19 16:30:00,,,1.25
2013-06-19 17:00:00,,,1.25
2013-06-19 17:30:00,,,1.25
2013-06-19 18:00:00,,,1.25
2013-06-19 18:30:00,,,1.25
2013-06-19 19:00:00,,,1.25
2013-06-19 19:30:00,,,1.25
2013-06-19 20:00:00,,,1.25
2013-06-19 20:30:00,,,1.25
2013-06-19 21:00:00,,,1.25
2013-06-19 21:30:00,,,1.25
2013-06-19 22:00:00,,,1.25
2013-06-19 22:30:00,,,1.25
2013-06-19 23:00:00,,,1.25
2013-06-19 23:30:00,,,1.25
2013-06-20 00:00:00,,,1.25
2013-06-20 00:30:00,1.0656916,1.41683571998,1.25
2013-06-20 01:00:00,0.86323631,1.48333462463,1.25
2013-06-20 01:30:00,0.53185049,1.41186890588,1.25
2013-06-20 02:00:00,0.79461036,1.75377856828,1.25
2013-06-20 02:30:00,,,1.25
2013-06-20 03:00:00,,,1.25
2013-06-20 03:30:00,,,1.25
2013-06-20 04:00:00,,,1.25
2013-06-20 04:30:00,,,1.25
2013-06-20 05:00:00,0.45651693,1.32184658657,1.25
2013-06-20 05:30:00,,,1.25
2013-06-20 06:00:00,,,1.25
2013-06-20 06:30:00,,,1.25
2013-06-20 07:00:00,-0.53847646,1.14347797379,1.72222945389
2013-06-20 07:30:00,,,1.25
2013-06-20 08:00:00,-1.1986011,1.69054418833,2.0782469759
2013-06-20 08:30:00,-0.35105781,1.42071699998,1.58873656676
2013-06-20 09:00:00,-0.18904524,1.35513546731,1.45192956796
2013-06-20 09:30:00,-0.13888523,1.27915433794,1.40388472844
2013-06-20 10:00:00,-0.12975902,1.14633853845,1.3947818945
2013-06-20 10:30:00,-0.12551279,1.20196430908,1.39050574283
2013-06-20 11:00:00,-0.094041444,1.29606093749,1.35795921678
2013-06-20 11:30:00,-0.2595452,1.25095839628,1.51451067878
2013-06-20 12:00:00,-0.1141984,1.16740428512,1.37898129853
2013-06-20 12:30:00,-0.16747529,1.15773128058,1.43166375661
2013-06-20 13:00:00,-0.12990467,1.32130961529,1.39492810629
2013-06-20 13:30:00,-0.17675614,1.27000813716,1.4404534175
2013-06-20 14:00:00,-0.20952169,1.10664060023,1.47065809649
2013-06-20 14:30:00,-0.13256995,1.07869581058,1.39759827173
2013-06-20 15:00:00,,,1.25
2013-06-20 15:30:00,,,1.25
2013-06-20 16:00:00,,,1.25
2013-06-20 16:30:00,,,1.25
2013-06-20 17:00:00,,,1.25
2013-06-20 17:30:00,,,1.25
2013-06-20 18:00:00,,,1.25
2013-06-20 18:30:00,,,1.25
2013-06-20 19:00:00,,,1.25
2013-06-20 19:30:00,1.0943964,1.50812287321,1.25
2013-06-20 20:00:00,0.64779889,1.23035234347,1.25
2013-06-20 20:30:00,0.90246293,1.37604719724,1.25
2013-06-20 21:00:00,1.259041,1.60603455042,1.25
2013-06-20 21:30:00,,,1.25
2013-06-20 22:00:00,,,1.25
2013-06-20 22:30:00,,,1.25
2013-06-20 23:00:00,,,1.25
2013-06-20 23:30:00,1.284118,1.52563519653,1.25
2013-06-21 00:00:00,0.66516569,1.18425866064,1.25
2013-06-21 00:30:00,0.37202005,1.17249819434,1.25
2013-06-21 01:00:00,0.32776808,1.19000521382,1.25
2013-06-21 01:30:00,,,1.25
2013-06-21 02:00:00,0.95616648,1.44013861784,1.25
2013-06-21 02:30:00,1.0644979,1.4568257206,1.25
2013-06-21 03:00:00,1.1652653,1.58506328211,1.25
2013-06-21 03:30:00,,,1.25
2013-06-21 04:00:00,,,1.25
2013-06-21 04:30:00,,,1.25
2013-06-21 05:00:00,,,1.25
2013-06-21 05:30:00,,,1.25
2013-06-21 06:00:00,,,1.25
2013-06-21 06:30:00,,,1.25
2013-06-21 07:00:00,-0.57964471,1.26683168644,1.74892240845
2013-06-21 07:30:00,-1.2231601,1.66820728439,2.08929386422
2013-06-21 08:00:00,-0.3836514,1.47179779825,1.61356723812
2013-06-21 08:30:00,-0.3202804,1.12755694036,1.56455494955
2013-06-21 09:00:00,-0.61950894,1.60992063059,1.7740156092
2013-06-21 09:30:00,-0.27202046,1.30132562757,1.52505973183
2013-06-21 10:00:00,-0.1047258,1.1723980307,1.36918251519
2013-06-21 10:30:00,-0.11015865,1.18952719415,1.37481951832
2013-06-21 11:00:00,-0.084403038,1.08877303985,1.34767300099
2013-06-21 11:30:00,-0.095274576,1.37615002963,1.35926403172
2013-06-21 12:00:00,-0.13205435,1.16796363325,1.39708252259
2013-06-21 12:30:00,-0.10973294,1.12417995176,1.37437947896
2013-06-21 13:00:00,-0.24479156,1.26494783865,1.50184226192
2013-06-21 13:30:00,-0.21389816,1.10632334141,1.47459964716
2013-06-21 14:00:00,-0.33049732,1.35599531777,1.57266491758
2013-06-21 14:30:00,-0.8938208,1.72215954319,1.9301162601
2013-06-21 15:00:00,,,1.25
2013-06-21 15:30:00,,,1.25
2013-06-21 16:00:00,,,1.25
2013-06-21 16:30:00,-0.33620456,1.0215131544,1.57715902359
2013-06-21 17:00:00,,,1.25
2013-06-21 17:30:00,,,1.25
2013-06-21 18:00:00,,,1.25
2013-06-21 18:30:00,,,1.25
2013-06-21 19:00:00,1.247132,1.48883021066,1.25
2013-06-21 19:30:00,0.61007077,1.17848133082,1.25
2013-06-21 20:00:00,0.40015152,1.25205508497,1.25
2013-06-21 20:30:00,,,1.25
2013-06-21 21:00:00,0.65353328,1.25019792675,1.25
2013-06-21 21:30:00,0.31695378,1.43215333508,1.25
2013-06-21 22:00:00,,,1.25
2013-06-21 22:30:00,0.38119416,1.19746519901,1.25
2013-06-21 23:00:00,0.47975348,1.21132812639,1.25
2013-06-21 23:30:00,0.50399917,1.17951163053,1.25
2013-06-22 00:00:00,0.60795247,1.27740859868,1.25
2013-06-22 00:30:00,0.66044116,1.54753522949,1.25
2013-06-22 01:00:00,0.18719602,1.27381983058,1.25
2013-06-22 01:30:00,,,1.25
2013-06-22 02:00:00,,,1.25
2013-06-22 02:30:00,,,1.25
2013-06-22 03:00:00,,,1.25
2013-06-22 03:30:00,,,1.25
2013-06-22 04:00:00,,,1.25
2013-06-22 04:30:00,,,1.25
2013-06-22 05:00:00,,,1.25
2013-06-22 05:30:00,,,1.25
2013-06-22 06:00:00,,,1.25
2013-06-22 06:30:00,,,1.25
2013-06-22 07:00:00,-0.8038874,1.23610010558,1.88176485983
2013-06-22 07:30:00,-0.55514835,1.23762103592,1.73313845117
2013-06-22 08:00:00,-0.18333583,0.97381108797,1.44662048922
2013-06-22 08:30:00,-0.15296349,1.14889895794,1.41769968256
2013-06-22 09:00:00,-0.11435903,1.22555778075,1.37914626208
2013-06-22 09:30:00,-0.078792565,1.16946517952,1.34161240995
2013-06-22 10:00:00,-0.089523358,1.1735557055,1.35315693299
2013-06-22 10:30:00,-0.083953205,1.18836267028,1.34718908693
2013-06-22 11:00:00,-0.14457036,1.38399987064,1.40949614865
2013-06-22 11:30:00,-0.27746468,1.38101127481,1.52961794459
2013-06-22 12:00:00,-0.093717456,1.21532039193,1.35761597884
2013-06-22 12:30:00,-0.12388554,1.12652670487,1.38886003458
2013-06-22 13:00:00,,,1.25
2013-06-22 13:30:00,,,1.25
2013-06-22 14:00:00,-0.4756202,1.48874735936,1.67980275809
2013-06-22 14:30:00,-0.75653685,1.33627191737,1.85527669124
2013-06-22 15:00:00,-1.8589522,1.71884327401,2.34197796129
2013-06-22 15:30:00,,,1.25
2013-06-22 16:00:00,,,1.25
2013-06-22 16:30:00,,,1.25
2013-06-22 17:00:00,,,1.25
2013-06-22 17:30:00,,,1.25
2013-06-22 18:00:00,,,1.25
2013-06-22 18:30:00,,,1.25
2013-06-22 19:00:00,,,1.25
2013-06-22 19:30:00,,,1.25
