,zeta_46m,phi_theta,phi_theta*
2013-05-16 20:00:00,,,2.0
2013-05-16 20:30:00,,,2.0
2013-05-16 21:00:00,,,2.0
2013-05-16 21:30:00,0.14312241,2.98449547628,2.0
2013-05-16 22:00:00,,,2.0
2013-05-16 22:30:00,0.085242708,3.61932449521,2.0
2013-05-16 23:00:00,0.056289919,3.33693258696,2.0
2013-05-16 23:30:00,,,2.0
2013-05-17 00:00:00,,,2.0
2013-05-17 00:30:00,,,2.0
2013-05-17 01:00:00,,,2.0
2013-05-17 01:30:00,0.1569253,5.64143825131,2.0
2013-05-17 02:00:00,0.38522583,7.0742043141,2.0
2013-05-17 02:30:00,,,2.0
2013-05-17 03:00:00,0.15442666,3.07560474946,2.0
2013-05-17 03:30:00,0.24080614,3.26515985046,2.0
2013-05-17 04:00:00,,,2.0
2013-05-17 04:30:00,0.14663922,3.31774398222,2.0
2013-05-17 05:00:00,0.1333926,2.70539637085,2.0
2013-05-17 05:30:00,0.19749902,2.80832919644,2.0
2013-05-17 06:00:00,,,2.0
2013-05-17 06:30:00,,,2.0
2013-05-17 07:00:00,,,2.0
2013-05-17 07:30:00,,,2.0
2013-05-17 08:00:00,,,2.0
2013-05-17 08:30:00,,,2.0
2013-05-17 09:00:00,,,2.0
2013-05-17 09:30:00,,,2.0
2013-05-17 10:00:00,,,2.0
2013-05-17 10:30:00,-0.28732655,3.36097231355,1.28966176364
2013-05-17 11:00:00,-0.33952954,1.81146164148,1.23709459933
2013-05-17 11:30:00,-0.14135434,2.03481189881,1.50584694252
2013-05-17 12:00:00,-0.13746949,1.91338222533,1.51383797725
2013-05-17 12:30:00,-0.31200165,1.72567043326,1.26372198585
2013-05-17 13:00:00,-0.11380744,2.61566645748,1.56648928786
2013-05-17 13:30:00,,,2.0
2013-05-17 14:00:00,,,2.0
2013-05-17 14:30:00,,,2.0
2013-05-17 15:00:00,,,2.0
2013-05-17 15:30:00,,,2.0
2013-05-17 16:00:00,,,2.0
2013-05-17 16:30:00,0.03829262,3.02436304752,2.0
2013-05-17 17:00:00,0.08070109,2.59156031824,2.0
2013-05-17 17:30:00,,,2.0
2013-05-17 18:00:00,0.47255084,3.03431322817,2.0
2013-05-17 18:30:00,,,2.0
2013-05-17 19:00:00,,,2.0
2013-05-17 19:30:00,,,2.0
2013-05-17 20:00:00,,,2.0
2013-05-17 20:30:00,,,2.0
2013-05-17 21:00:00,,,2.0
2013-05-17 21:30:00,,,2.0
2013-05-17 22:00:00,,,2.0
2013-05-17 22:30:00,,,2.0
2013-05-17 23:00:00,,,2.0
2013-05-17 23:30:00,,,2.0
2013-05-18 00:00:00,,,2.0
2013-05-18 00:30:00,,,2.0
2013-05-18 01:00:00,,,2.0
2013-05-18 01:30:00,,,2.0
2013-05-18 02:00:00,,,2.0
2013-05-18 02:30:00,,,2.0
2013-05-18 03:00:00,,,2.0
2013-05-18 03:30:00,,,2.0
2013-05-18 04:00:00,,,2.0
2013-05-18 04:30:00,,,2.0
2013-05-18 05:00:00,1.2505006,2.04102009924,2.0
2013-05-18 05:30:00,,,2.0
2013-05-18 06:00:00,0.2441673,3.07867201132,2.0
2013-05-18 06:30:00,0.70251226,3.03819899683,2.0
2013-05-18 07:00:00,,,2.0
2013-05-18 07:30:00,0.035401253,3.97821920099,2.0
2013-05-18 08:00:00,-0.033670844,16.0578741803,1.82327682601
2013-05-18 08:30:00,-0.022332252,7.63298124971,1.87575930754
2013-05-18 09:00:00,-0.10925562,2.01048801364,1.57749148078
2013-05-18 09:30:00,-0.094191464,2.35278618777,1.61624586104
2013-05-18 10:00:00,-0.17557468,1.76315416869,1.44201657928
2013-05-18 10:30:00,-0.43218325,1.450701975,1.16147644253
2013-05-18 11:00:00,-0.66051037,1.28847550419,1.03217977297
2013-05-18 11:30:00,,,2.0
2013-05-18 12:00:00,,,2.0
2013-05-18 12:30:00,,,2.0
2013-05-18 13:00:00,,,2.0
2013-05-18 13:30:00,,,2.0
2013-05-18 14:00:00,,,2.0
2013-05-18 14:30:00,,,2.0
2013-05-18 15:00:00,,,2.0
2013-05-18 15:30:00,,,2.0
2013-05-18 16:00:00,,,2.0
2013-05-18 16:30:00,,,2.0
2013-05-18 17:00:00,,,2.0
2013-05-18 17:30:00,0.13837147,7.39110302568,2.0
2013-05-18 18:00:00,,,2.0
2013-05-18 18:30:00,,,2.0
2013-05-18 19:00:00,,,2.0
2013-05-18 19:30:00,,,2.0
2013-05-18 20:00:00,,,2.0
2013-05-18 20:30:00,,,2.0
2013-05-18 21:00:00,,,2.0
2013-05-18 21:30:00,,,2.0
2013-05-18 22:00:00,,,2.0
2013-05-18 22:30:00,,,2.0
2013-05-18 23:00:00,,,2.0
2013-05-18 23:30:00,,,2.0
2013-05-19 00:00:00,,,2.0
2013-05-19 00:30:00,,,2.0
2013-05-19 01:00:00,,,2.0
2013-05-19 01:30:00,,,2.0
2013-05-19 02:00:00,,,2.0
2013-05-19 02:30:00,,,2.0
2013-05-19 03:00:00,,,2.0
2013-05-19 03:30:00,,,2.0
2013-05-19 04:00:00,,,2.0
2013-05-19 04:30:00,,,2.0
2013-05-19 05:00:00,,,2.0
2013-05-19 05:30:00,,,2.0
2013-05-19 06:00:00,,,2.0
2013-05-19 06:30:00,,,2.0
2013-05-19 07:00:00,,,2.0
2013-05-19 07:30:00,,,2.0
2013-05-19 08:00:00,,,2.0
2013-05-19 08:30:00,-4.5522215,0.767785690919,0.565464028544
2013-05-19 09:00:00,-3.1537816,0.919855840075,0.636930460364
2013-05-19 09:30:00,-0.59680115,1.73210492505,1.06250217816
2013-05-19 10:00:00,-0.58387696,1.65566330134,1.06910316756
2013-05-19 10:30:00,-0.59246211,1.31965667198,1.06470013762
2013-05-19 11:00:00,-1.837353,1.37549932217,0.756820920055
2013-05-19 11:30:00,,,2.0
2013-05-19 12:00:00,,,2.0
2013-05-19 12:30:00,,,2.0
2013-05-19 13:00:00,0.017061708,16.675351852,2.0
2013-05-19 13:30:00,-0.31531398,2.07457482284,1.2603956825
2013-05-19 14:00:00,-0.35061377,1.84596696576,1.2269859496
2013-05-19 14:30:00,-0.21976373,2.18875277631,1.37345899317
2013-05-19 15:00:00,0.00080273778,7.2889953472,2.0
2013-05-19 15:30:00,-0.16654974,2.62603663665,1.45780277854
2013-05-19 16:00:00,,,2.0
2013-05-19 16:30:00,,,2.0
2013-05-19 17:00:00,,,2.0
2013-05-19 17:30:00,,,2.0
2013-05-19 18:00:00,,,2.0
2013-05-19 18:30:00,,,2.0
2013-05-19 19:00:00,,,2.0
2013-05-19 19:30:00,,,2.0
2013-05-19 20:00:00,,,2.0
2013-05-19 20:30:00,,,2.0
2013-05-19 21:00:00,,,2.0
2013-05-19 21:30:00,,,2.0
2013-05-19 22:00:00,0.11861372,3.26107019093,2.0
2013-05-19 22:30:00,0.073865822,3.08305294001,2.0
2013-05-19 23:00:00,0.22529303,2.83821578301,2.0
2013-05-19 23:30:00,,,2.0
2013-05-20 00:00:00,,,2.0
2013-05-20 00:30:00,0.52466121,2.55349639349,2.0
2013-05-20 01:00:00,0.15634153,2.76457134563,2.0
2013-05-20 01:30:00,0.36605434,3.43100874157,2.0
2013-05-20 02:00:00,,,2.0
2013-05-20 02:30:00,,,2.0
2013-05-20 03:00:00,,,2.0
2013-05-20 03:30:00,,,2.0
2013-05-20 04:00:00,,,2.0
2013-05-20 04:30:00,,,2.0
2013-05-20 05:00:00,,,2.0
2013-05-20 05:30:00,,,2.0
2013-05-20 06:00:00,,,2.0
2013-05-20 06:30:00,,,2.0
2013-05-20 07:00:00,,,2.0
2013-05-20 07:30:00,,,2.0
2013-05-20 08:00:00,-3.7065637,1.00588129649,0.604520554432
2013-05-20 08:30:00,-1.1310243,1.40017184188,0.879864183801
2013-05-20 09:00:00,-0.22924237,1.63625484157,1.36036158934
2013-05-20 09:30:00,-0.3960746,1.71643469574,1.18871749845
2013-05-20 10:00:00,,,2.0
2013-05-20 10:30:00,,,2.0
2013-05-20 11:00:00,,,2.0
2013-05-20 11:30:00,,,2.0
2013-05-20 12:00:00,-0.48180212,1.99318618408,1.12778590457
2013-05-20 12:30:00,-0.1030195,6.05120664623,1.59308062903
2013-05-20 13:00:00,-0.39936358,2.02653370839,1.18612931949
2013-05-20 13:30:00,-0.21912216,2.61166404632,1.37436387362
2013-05-20 14:00:00,-0.42803035,1.45329001466,1.16448356008
2013-05-20 14:30:00,-0.41644612,2.56730746432,1.17303942097
2013-05-20 15:00:00,-0.14912824,4.74485608007,1.49034902102
2013-05-20 15:30:00,-0.07503733,17.1888547635,1.67156457976
2013-05-20 16:00:00,-0.20856698,2.08317200722,1.38960247201
2013-05-20 16:30:00,,,2.0
2013-05-20 17:00:00,,,2.0
2013-05-20 17:30:00,,,2.0
2013-05-20 18:00:00,,,2.0
2013-05-20 18:30:00,,,2.0
2013-05-20 19:00:00,0.36843918,2.27328427013,2.0
2013-05-20 19:30:00,0.22417408,1.98404351577,2.0
2013-05-20 20:00:00,0.28042247,2.13941500205,2.0
2013-05-20 20:30:00,0.24811371,2.25033689954,2.0
2013-05-20 21:00:00,0.35765863,2.57978065669,2.0
2013-05-20 21:30:00,0.48794868,2.5001206883,2.0
2013-05-20 22:00:00,0.43383754,2.28826497303,2.0
2013-05-20 22:30:00,0.45415048,2.04012838439,2.0
2013-05-20 23:00:00,,,2.0
2013-05-20 23:30:00,0.4707415,4.25349465003,2.0
2013-05-21 00:00:00,,,2.0
2013-05-21 00:30:00,,,2.0
2013-05-21 01:00:00,,,2.0
2013-05-21 01:30:00,,,2.0
2013-05-21 02:00:00,,,2.0
2013-05-21 02:30:00,,,2.0
2013-05-21 03:00:00,,,2.0
2013-05-21 03:30:00,,,2.0
2013-05-21 04:00:00,,,2.0
2013-05-21 04:30:00,,,2.0
2013-05-21 05:00:00,,,2.0
2013-05-21 05:30:00,,,2.0
2013-05-21 06:00:00,,,2.0
2013-05-21 06:30:00,-0.32894481,2.61643037794,1.24706626482
2013-05-21 07:00:00,-0.46423292,1.32354589827,1.13926620505
2013-05-21 07:30:00,-0.36998198,3.12108086924,1.21008599071
2013-05-21 08:00:00,-0.42603071,1.45729076217,1.16594266009
2013-05-21 08:30:00,-0.13587843,1.61151215289,1.51716013202
2013-05-21 09:00:00,-0.14485671,2.00149022609,1.49878520378
2013-05-21 09:30:00,-0.10904027,2.43265396437,1.57801970232
2013-05-21 10:00:00,-0.14438459,1.69470104139,1.49972941535
2013-05-21 10:30:00,-0.10452396,4.75511398695,1.58926330171
2013-05-21 11:00:00,-0.18304063,2.53787936949,1.42946001288
2013-05-21 11:30:00,-0.054109127,3.8147519664,1.74174481973
2013-05-21 12:00:00,-0.053261068,3.73479959832,1.74484524205
2013-05-21 12:30:00,-0.1185579,2.71692982244,1.5553273626
2013-05-21 13:00:00,-0.18832951,3.14103621122,1.42082435223
2013-05-21 13:30:00,-0.099552162,3.4851800201,1.60202017549
2013-05-21 14:00:00,-0.33277846,1.73193387403,1.24341757749
2013-05-21 14:30:00,,,2.0
2013-05-21 15:00:00,,,2.0
2013-05-21 15:30:00,,,2.0
2013-05-21 16:00:00,,,2.0
2013-05-21 16:30:00,0.26220332,2.52029135118,2.0
2013-05-21 17:00:00,0.26023556,2.8037667308,2.0
2013-05-21 17:30:00,0.15712479,2.28861887766,2.0
2013-05-21 18:00:00,,,2.0
2013-05-21 18:30:00,0.095125779,2.84482848188,2.0
2013-05-21 19:00:00,0.27292089,2.60088909101,2.0
2013-05-21 19:30:00,,,2.0
2013-05-21 20:00:00,0.30798585,2.36264834377,2.0
2013-05-21 20:30:00,0.30774016,2.88479562439,2.0
2013-05-21 21:00:00,0.34293075,3.90576301128,2.0
2013-05-21 21:30:00,0.47214293,3.69488771589,2.0
2013-05-21 22:00:00,,,2.0
2013-05-21 22:30:00,,,2.0
2013-05-21 23:00:00,,,2.0
2013-05-21 23:30:00,,,2.0
2013-05-22 00:00:00,,,2.0
2013-05-22 00:30:00,,,2.0
2013-05-22 01:00:00,0.43980133,3.9978460156,2.0
2013-05-22 01:30:00,0.43910593,3.55407160026,2.0
2013-05-22 02:00:00,0.17458392,3.39786745789,2.0
2013-05-22 02:30:00,0.45954287,2.37544940479,2.0
2013-05-22 03:00:00,0.41046823,3.00646883799,2.0
2013-05-22 03:30:00,0.13862128,4.56773458599,2.0
2013-05-22 04:00:00,0.22765276,2.57415335513,2.0
2013-05-22 04:30:00,,,2.0
2013-05-22 05:00:00,,,2.0
2013-05-22 05:30:00,,,2.0
2013-05-22 06:00:00,,,2.0
2013-05-22 06:30:00,,,2.0
2013-05-22 07:00:00,-0.3741088,2.03172516422,1.20660351317
2013-05-22 07:30:00,-0.15727104,1.65244743664,1.47477861982
2013-05-22 08:00:00,-0.10172317,2.18749421124,1.59639946638
2013-05-22 08:30:00,-0.10876101,1.84752262549,1.57870574051
2013-05-22 09:00:00,-0.092441737,2.07842215565,1.62099989448
2013-05-22 09:30:00,-0.13010588,2.12940477338,1.52946314552
2013-05-22 10:00:00,-0.186404,1.82367643391,1.42394413339
2013-05-22 10:30:00,-0.50033505,1.24921292581,1.11616208744
2013-05-22 11:00:00,-0.31524874,1.75847330318,1.26046086018
2013-05-22 11:30:00,-1.0793231,1.09818266846,0.892482886445
2013-05-22 12:00:00,-0.94338025,1.41276942487,0.9294931286
2013-05-22 12:30:00,-0.2034962,1.86808716252,1.39716838813
2013-05-22 13:00:00,,,2.0
2013-05-22 13:30:00,,,2.0
2013-05-22 14:00:00,,,2.0
2013-05-22 14:30:00,,,2.0
2013-05-22 15:00:00,,,2.0
2013-05-22 15:30:00,,,2.0
2013-05-22 16:00:00,,,2.0
2013-05-22 16:30:00,,,2.0
2013-05-22 17:00:00,,,2.0
2013-05-22 17:30:00,,,2.0
2013-05-22 18:00:00,,,2.0
2013-05-22 18:30:00,,,2.0
2013-05-22 19:00:00,,,2.0
2013-05-22 19:30:00,,,2.0
2013-05-22 20:00:00,,,2.0
2013-05-22 20:30:00,,,2.0
2013-05-22 21:00:00,,,2.0
2013-05-22 21:30:00,,,2.0
2013-05-22 22:00:00,,,2.0
2013-05-22 22:30:00,,,2.0
2013-05-22 23:00:00,,,2.0
2013-05-22 23:30:00,,,2.0
2013-05-23 00:00:00,,,2.0
2013-05-23 00:30:00,,,2.0
2013-05-23 01:00:00,0.42938721,3.63772318809,2.0
2013-05-23 01:30:00,,,2.0
2013-05-23 02:00:00,0.14188832,3.00160410861,2.0
2013-05-23 02:30:00,0.10003761,2.65329419806,2.0
2013-05-23 03:00:00,,,2.0
2013-05-23 03:30:00,,,2.0
2013-05-23 04:00:00,,,2.0
2013-05-23 04:30:00,,,2.0
2013-05-23 05:00:00,,,2.0
2013-05-23 05:30:00,,,2.0
2013-05-23 06:00:00,,,2.0
2013-05-23 06:30:00,,,2.0
2013-05-23 07:00:00,0.015049453,11.1361726883,2.0
2013-05-23 07:30:00,,,2.0
2013-05-23 08:00:00,,,2.0
2013-05-23 08:30:00,,,2.0
2013-05-23 09:00:00,,,2.0
2013-05-23 09:30:00,,,2.0
2013-05-23 10:00:00,,,2.0
2013-05-23 10:30:00,,,2.0
2013-05-23 11:00:00,,,2.0
2013-05-23 11:30:00,,,2.0
2013-05-23 12:00:00,,,2.0
2013-05-23 12:30:00,,,2.0
2013-05-23 13:00:00,,,2.0
2013-05-23 13:30:00,,,2.0
2013-05-23 14:00:00,,,2.0
2013-05-23 14:30:00,-1.0322883,1.41585506141,0.904617760596
2013-05-23 15:00:00,,,2.0
2013-05-23 15:30:00,,,2.0
2013-05-23 16:00:00,,,2.0
2013-05-23 16:30:00,,,2.0
2013-05-23 17:00:00,,,2.0
2013-05-23 17:30:00,,,2.0
2013-05-23 18:00:00,,,2.0
2013-05-23 18:30:00,,,2.0
2013-05-23 19:00:00,0.23025678,3.64194998495,2.0
2013-05-23 19:30:00,,,2.0
2013-05-23 20:00:00,,,2.0
2013-05-23 20:30:00,,,2.0
2013-05-23 21:00:00,,,2.0
2013-05-23 21:30:00,,,2.0
2013-05-23 22:00:00,,,2.0
2013-05-23 22:30:00,,,2.0
2013-05-23 23:00:00,,,2.0
2013-05-23 23:30:00,,,2.0
2013-05-24 00:00:00,,,2.0
2013-05-24 00:30:00,,,2.0
2013-05-24 01:00:00,,,2.0
2013-05-24 01:30:00,,,2.0
2013-05-24 02:00:00,,,2.0
2013-05-24 02:30:00,,,2.0
2013-05-24 03:00:00,,,2.0
2013-05-24 03:30:00,,,2.0
2013-05-24 04:00:00,,,2.0
2013-05-24 04:30:00,,,2.0
2013-05-24 05:00:00,,,2.0
2013-05-24 05:30:00,,,2.0
2013-05-24 06:00:00,,,2.0
2013-05-24 06:30:00,0.28564059,3.39049537478,2.0
2013-05-24 07:00:00,,,2.0
2013-05-24 07:30:00,,,2.0
2013-05-24 08:00:00,,,2.0
2013-05-24 08:30:00,,,2.0
2013-05-24 09:00:00,,,2.0
2013-05-24 09:30:00,,,2.0
2013-05-24 10:00:00,,,2.0
2013-05-24 10:30:00,,,2.0
2013-05-24 11:00:00,,,2.0
2013-05-24 11:30:00,-0.22131388,8.89349266951,1.37128243167
2013-05-24 12:00:00,-0.18797041,9.20128131023,1.42140410611
2013-05-24 12:30:00,,,2.0
2013-05-24 13:00:00,,,2.0
2013-05-24 13:30:00,-0.83923535,1.60824636629,0.96247258626
2013-05-24 14:00:00,,,2.0
2013-05-24 14:30:00,,,2.0
2013-05-24 15:00:00,,,2.0
2013-05-24 15:30:00,,,2.0
2013-05-24 16:00:00,,,2.0
2013-05-24 16:30:00,,,2.0
2013-05-24 17:00:00,,,2.0
2013-05-24 17:30:00,,,2.0
2013-05-24 18:00:00,,,2.0
2013-05-24 18:30:00,,,2.0
2013-05-24 19:00:00,,,2.0
2013-05-24 19:30:00,,,2.0
2013-05-24 20:00:00,,,2.0
2013-05-24 20:30:00,,,2.0
2013-05-24 21:00:00,,,2.0
2013-05-24 21:30:00,,,2.0
2013-05-24 22:00:00,,,2.0
2013-05-24 22:30:00,,,2.0
2013-05-24 23:00:00,,,2.0
2013-05-24 23:30:00,,,2.0
2013-05-25 00:00:00,,,2.0
2013-05-25 00:30:00,,,2.0
2013-05-25 01:00:00,,,2.0
2013-05-25 01:30:00,,,2.0
2013-05-25 02:00:00,,,2.0
2013-05-25 02:30:00,,,2.0
2013-05-25 03:00:00,,,2.0
2013-05-25 03:30:00,,,2.0
2013-05-25 04:00:00,,,2.0
2013-05-25 04:30:00,,,2.0
2013-05-25 05:00:00,,,2.0
2013-05-25 05:30:00,0.13708425,2.93446277113,2.0
2013-05-25 06:00:00,,,2.0
2013-05-25 06:30:00,,,2.0
2013-05-25 07:00:00,,,2.0
2013-05-25 07:30:00,-0.8293245,1.56944336673,0.965862815829
2013-05-25 08:00:00,-0.60773334,1.73013481656,1.05704382863
2013-05-25 08:30:00,,,2.0
2013-05-25 09:00:00,,,2.0
2013-05-25 09:30:00,-0.50112267,1.79657088011,1.11567862601
2013-05-25 10:00:00,-0.2900541,1.65486321462,1.28668884494
2013-05-25 10:30:00,-0.33982223,1.85774941493,1.23682336701
2013-05-25 11:00:00,,,2.0
2013-05-25 11:30:00,,,2.0
2013-05-25 12:00:00,,,2.0
2013-05-25 12:30:00,,,2.0
2013-05-25 13:00:00,,,2.0
2013-05-25 13:30:00,,,2.0
2013-05-25 14:00:00,,,2.0
2013-05-25 14:30:00,-0.66117667,2.32541106,1.03188057977
2013-05-25 15:00:00,-0.48897161,1.82599351132,1.12323193144
2013-05-25 15:30:00,-1.7143943,1.96605876147,0.773497498132
2013-05-25 16:00:00,,,2.0
2013-05-25 16:30:00,,,2.0
2013-05-25 17:00:00,,,2.0
2013-05-25 17:30:00,,,2.0
2013-05-25 18:00:00,,,2.0
2013-05-25 18:30:00,,,2.0
2013-05-25 19:00:00,,,2.0
2013-05-25 19:30:00,,,2.0
2013-05-25 20:00:00,,,2.0
2013-05-25 20:30:00,,,2.0
2013-05-25 21:00:00,,,2.0
2013-05-25 21:30:00,,,2.0
2013-05-25 22:00:00,,,2.0
2013-05-25 22:30:00,,,2.0
2013-05-25 23:00:00,,,2.0
2013-05-25 23:30:00,0.76371572,3.04442164665,2.0
2013-05-26 00:00:00,0.41925665,4.06285330458,2.0
2013-05-26 00:30:00,,,2.0
2013-05-26 01:00:00,,,2.0
2013-05-26 01:30:00,,,2.0
2013-05-26 02:00:00,,,2.0
2013-05-26 02:30:00,,,2.0
2013-05-26 03:00:00,,,2.0
2013-05-26 03:30:00,,,2.0
2013-05-26 04:00:00,,,2.0
2013-05-26 04:30:00,,,2.0
2013-05-26 05:00:00,,,2.0
2013-05-26 05:30:00,,,2.0
2013-05-26 06:00:00,,,2.0
2013-05-26 06:30:00,,,2.0
2013-05-26 07:00:00,,,2.0
2013-05-26 07:30:00,,,2.0
2013-05-26 08:00:00,,,2.0
2013-05-26 08:30:00,-1.2690443,1.5795207074,0.849364605994
2013-05-26 09:00:00,,,2.0
2013-05-26 09:30:00,,,2.0
2013-05-26 10:00:00,,,2.0
2013-05-26 10:30:00,-0.47268215,2.02911235022,1.13368712153
2013-05-26 11:00:00,-0.45496001,2.6027425544,1.14551761597
2013-05-26 11:30:00,,,2.0
2013-05-26 12:00:00,,,2.0
2013-05-26 12:30:00,,,2.0
2013-05-26 13:00:00,,,2.0
2013-05-26 13:30:00,,,2.0
2013-05-26 14:00:00,,,2.0
2013-05-26 14:30:00,,,2.0
2013-05-26 15:00:00,,,2.0
2013-05-26 15:30:00,,,2.0
2013-05-26 16:00:00,,,2.0
2013-05-26 16:30:00,,,2.0
2013-05-26 17:00:00,,,2.0
2013-05-26 17:30:00,0.098845546,5.41547962531,2.0
2013-05-26 18:00:00,0.21149413,7.5332905492,2.0
2013-05-26 18:30:00,,,2.0
2013-05-26 19:00:00,,,2.0
2013-05-26 19:30:00,,,2.0
2013-05-26 20:00:00,,,2.0
2013-05-26 20:30:00,,,2.0
2013-05-26 21:00:00,,,2.0
2013-05-26 21:30:00,0.48185057,3.28363402954,2.0
2013-05-26 22:00:00,0.87155526,2.25325593196,2.0
2013-05-26 22:30:00,,,2.0
2013-05-26 23:00:00,,,2.0
2013-05-26 23:30:00,,,2.0
2013-05-27 00:00:00,0.27816529,3.70109507777,2.0
2013-05-27 00:30:00,0.50800996,2.8573237621,2.0
2013-05-27 01:00:00,,,2.0
2013-05-27 01:30:00,,,2.0
2013-05-27 02:00:00,,,2.0
2013-05-27 02:30:00,,,2.0
2013-05-27 03:00:00,,,2.0
2013-05-27 03:30:00,,,2.0
2013-05-27 04:00:00,,,2.0
2013-05-27 04:30:00,,,2.0
2013-05-27 05:00:00,,,2.0
2013-05-27 05:30:00,,,2.0
2013-05-27 06:00:00,,,2.0
2013-05-27 06:30:00,,,2.0
2013-05-27 07:00:00,,,2.0
2013-05-27 07:30:00,,,2.0
2013-05-27 08:00:00,,,2.0
2013-05-27 08:30:00,,,2.0
2013-05-27 09:00:00,,,2.0
2013-05-27 09:30:00,,,2.0
2013-05-27 10:00:00,,,2.0
2013-05-27 10:30:00,,,2.0
2013-05-27 11:00:00,,,2.0
2013-05-27 11:30:00,-0.43297361,2.0402494383,1.16090765059
2013-05-27 12:00:00,-0.068237496,7.30814819737,1.69312265912
2013-05-27 12:30:00,,,2.0
2013-05-27 13:00:00,-0.10594536,4.08802548647,1.58569011026
2013-05-27 13:30:00,-0.24385037,1.83565869899,1.3411166922
2013-05-27 14:00:00,,,2.0
2013-05-27 14:30:00,-0.13563771,12.981845356,1.51766530414
2013-05-27 15:00:00,-0.56558092,1.63544450391,1.07873539906
2013-05-27 15:30:00,,,2.0
2013-05-27 16:00:00,-0.23249135,4.76730997544,1.3559855948
2013-05-27 16:30:00,,,2.0
2013-05-27 17:00:00,,,2.0
2013-05-27 17:30:00,,,2.0
2013-05-27 18:00:00,0.71284743,3.95993437039,2.0
2013-05-27 18:30:00,,,2.0
2013-05-27 19:00:00,,,2.0
2013-05-27 19:30:00,,,2.0
2013-05-27 20:00:00,,,2.0
2013-05-27 20:30:00,,,2.0
2013-05-27 21:00:00,,,2.0
2013-05-27 21:30:00,,,2.0
2013-05-27 22:00:00,,,2.0
2013-05-27 22:30:00,,,2.0
2013-05-27 23:00:00,,,2.0
2013-05-27 23:30:00,,,2.0
2013-05-28 00:00:00,,,2.0
2013-05-28 00:30:00,,,2.0
2013-05-28 01:00:00,,,2.0
2013-05-28 01:30:00,,,2.0
2013-05-28 02:00:00,,,2.0
2013-05-28 02:30:00,,,2.0
2013-05-28 03:00:00,,,2.0
2013-05-28 03:30:00,,,2.0
2013-05-28 04:00:00,,,2.0
2013-05-28 04:30:00,0.68331351,2.68610697132,2.0
2013-05-28 05:00:00,0.26936732,2.31353962685,2.0
2013-05-28 05:30:00,0.19686682,2.59050259835,2.0
2013-05-28 06:00:00,0.1798471,3.73529795994,2.0
2013-05-28 06:30:00,,,2.0
2013-05-28 07:00:00,-0.45611119,4.19974545546,1.14473406313
2013-05-28 07:30:00,-0.26205655,2.75287166364,1.31858273149
2013-05-28 08:00:00,-0.11779192,2.22502660878,1.55710568053
2013-05-28 08:30:00,-0.34970779,1.40282145014,1.2277998387
2013-05-28 09:00:00,-1.2157439,1.14262296398,0.860637795639
2013-05-28 09:30:00,,,2.0
2013-05-28 10:00:00,-0.14807353,1.88435171375,1.49241440111
2013-05-28 10:30:00,-0.14678937,2.13470765694,1.49494463206
2013-05-28 11:00:00,-0.19398175,2.64344875874,1.41182175885
2013-05-28 11:30:00,,,2.0
2013-05-28 12:00:00,-0.22937832,3.34621901901,1.36017734619
2013-05-28 12:30:00,,,2.0
2013-05-28 13:00:00,-0.12762797,2.48760376615,1.53486840335
2013-05-28 13:30:00,-0.26054923,1.58417661674,1.32039131112
2013-05-28 14:00:00,-0.13370871,4.27472659904,1.52173793735
2013-05-28 14:30:00,-0.29360734,2.34207037293,1.28285672582
2013-05-28 15:00:00,,,2.0
2013-05-28 15:30:00,,,2.0
2013-05-28 16:00:00,,,2.0
2013-05-28 16:30:00,,,2.0
2013-05-28 17:00:00,,,2.0
2013-05-28 17:30:00,,,2.0
2013-05-28 18:00:00,,,2.0
2013-05-28 18:30:00,,,2.0
2013-05-28 19:00:00,,,2.0
2013-05-28 19:30:00,,,2.0
2013-05-28 20:00:00,,,2.0
2013-05-28 20:30:00,,,2.0
2013-05-28 21:00:00,,,2.0
2013-05-28 21:30:00,,,2.0
2013-05-28 22:00:00,,,2.0
2013-05-28 22:30:00,,,2.0
2013-05-28 23:00:00,,,2.0
2013-05-28 23:30:00,,,2.0
2013-05-29 00:00:00,,,2.0
2013-05-29 00:30:00,,,2.0
2013-05-29 01:00:00,,,2.0
2013-05-29 01:30:00,,,2.0
2013-05-29 02:00:00,,,2.0
2013-05-29 02:30:00,,,2.0
2013-05-29 03:00:00,0.50864017,5.86570695899,2.0
2013-05-29 03:30:00,0.3024312,4.24727337027,2.0
2013-05-29 04:00:00,0.23457208,4.25185986779,2.0
2013-05-29 04:30:00,0.26672748,3.27486454516,2.0
2013-05-29 05:00:00,0.1068112,2.40238593389,2.0
2013-05-29 05:30:00,0.1174223,2.43947291538,2.0
2013-05-29 06:00:00,0.4150951,2.8530275576,2.0
2013-05-29 06:30:00,,,2.0
2013-05-29 07:00:00,-0.14170286,5.71506887972,1.50513825548
2013-05-29 07:30:00,-0.1648488,4.27749404705,1.46085638678
2013-05-29 08:00:00,-3.7199049,1.13713587266,0.603816931833
2013-05-29 08:30:00,-1.313599,1.37414389356,0.840379388031
2013-05-29 09:00:00,-0.62656548,1.39221596284,1.04789795738
2013-05-29 09:30:00,-1.0955323,1.31274106268,0.888448888574
2013-05-29 10:00:00,-1.2910365,1.5250212418,0.844881725739
2013-05-29 10:30:00,-10.508018,0.740292863577,0.429706811001
2013-05-29 11:00:00,,,2.0
2013-05-29 11:30:00,,,2.0
2013-05-29 12:00:00,,,2.0
2013-05-29 12:30:00,,,2.0
2013-05-29 13:00:00,,,2.0
2013-05-29 13:30:00,,,2.0
2013-05-29 14:00:00,,,2.0
2013-05-29 14:30:00,,,2.0
2013-05-29 15:00:00,,,2.0
2013-05-29 15:30:00,,,2.0
2013-05-29 16:00:00,,,2.0
2013-05-29 16:30:00,,,2.0
2013-05-29 17:00:00,,,2.0
2013-05-29 17:30:00,,,2.0
2013-05-29 18:00:00,,,2.0
2013-05-29 18:30:00,,,2.0
2013-05-29 19:00:00,,,2.0
2013-05-29 19:30:00,,,2.0
2013-05-29 20:00:00,,,2.0
2013-05-29 20:30:00,,,2.0
2013-05-29 21:00:00,,,2.0
2013-05-29 21:30:00,,,2.0
2013-05-29 22:00:00,0.90078438,3.99014366837,2.0
2013-05-29 22:30:00,,,2.0
2013-05-29 23:00:00,,,2.0
2013-05-29 23:30:00,,,2.0
2013-05-30 00:00:00,,,2.0
2013-05-30 00:30:00,,,2.0
2013-05-30 01:00:00,,,2.0
2013-05-30 01:30:00,,,2.0
2013-05-30 02:00:00,0.64062586,3.48312975688,2.0
2013-05-30 02:30:00,,,2.0
2013-05-30 03:00:00,,,2.0
2013-05-30 03:30:00,,,2.0
2013-05-30 04:00:00,,,2.0
2013-05-30 04:30:00,,,2.0
2013-05-30 05:00:00,,,2.0
2013-05-30 05:30:00,,,2.0
2013-05-30 06:00:00,0.27465825,3.84306307224,2.0
2013-05-30 06:30:00,0.034923787,6.96476303745,2.0
2013-05-30 07:00:00,-0.080184337,5.36522273666,1.65595476895
2013-05-30 07:30:00,-0.16613138,1.89725614593,1.45855147115
2013-05-30 08:00:00,-0.49257946,1.52629557774,1.12096788428
2013-05-30 08:30:00,-0.17637384,1.75034535332,1.44065135418
2013-05-30 09:00:00,-0.17520488,1.71255015867,1.44265007218
2013-05-30 09:30:00,-0.15702733,1.64790703627,1.47523524718
2013-05-30 10:00:00,-0.13151598,2.11268985645,1.52642094128
2013-05-30 10:30:00,-0.12019783,2.75416257424,1.55154720047
2013-05-30 11:00:00,-0.09151648,4.25604815223,1.62353656763
2013-05-30 11:30:00,-0.10431673,5.42527653198,1.58978694379
2013-05-30 12:00:00,-0.059365398,7.52934112189,1.72300711579
2013-05-30 12:30:00,-0.13785056,3.12549375765,1.5130466056
2013-05-30 13:00:00,-0.08527933,5.52592171601,1.64106147436
2013-05-30 13:30:00,-0.13777805,2.37242905977,1.51319706033
2013-05-30 14:00:00,-0.097629272,3.18990110508,1.60706525902
2013-05-30 14:30:00,-0.055460536,15.0293459607,1.73684938351
2013-05-30 15:00:00,-0.12297551,4.75541899663,1.5452273483
2013-05-30 15:30:00,-0.24690722,5.97235375667,1.33722509893
2013-05-30 16:00:00,-0.21980552,6.97225720125,1.37340013452
2013-05-30 16:30:00,,,2.0
2013-05-30 17:00:00,,,2.0
2013-05-30 17:30:00,,,2.0
2013-05-30 18:00:00,,,2.0
2013-05-30 18:30:00,,,2.0
2013-05-30 19:00:00,,,2.0
2013-05-30 19:30:00,,,2.0
2013-05-30 20:00:00,,,2.0
2013-05-30 20:30:00,0.67841279,2.4712871113,2.0
2013-05-30 21:00:00,1.1948138,2.48561155265,2.0
2013-05-30 21:30:00,,,2.0
2013-05-30 22:00:00,1.2384848,2.35596183447,2.0
2013-05-30 22:30:00,,,2.0
2013-05-30 23:00:00,,,2.0
2013-05-30 23:30:00,,,2.0
2013-05-31 00:00:00,,,2.0
2013-05-31 00:30:00,,,2.0
2013-05-31 01:00:00,,,2.0
2013-05-31 01:30:00,,,2.0
2013-05-31 02:00:00,,,2.0
2013-05-31 02:30:00,,,2.0
2013-05-31 03:00:00,,,2.0
2013-05-31 03:30:00,,,2.0
2013-05-31 04:00:00,,,2.0
2013-05-31 04:30:00,,,2.0
2013-05-31 05:00:00,,,2.0
2013-05-31 05:30:00,,,2.0
2013-05-31 06:00:00,,,2.0
2013-05-31 06:30:00,,,2.0
2013-05-31 07:00:00,-0.2402427,5.7469314284,1.34576838701
2013-05-31 07:30:00,-0.49030061,2.37249117492,1.12239581219
2013-05-31 08:00:00,-0.33689464,1.47743317262,1.23954709256
2013-05-31 08:30:00,-0.22166412,1.86759770942,1.37079256781
2013-05-31 09:00:00,-0.098218687,2.32476278907,1.60551205831
2013-05-31 09:30:00,-0.16026429,1.53567947472,1.46921601433
2013-05-31 10:00:00,-0.13908619,1.62836992511,1.51049189445
2013-05-31 10:30:00,-0.35111949,1.95081532454,1.22653257225
2013-05-31 11:00:00,-0.76642931,1.60772667872,0.988555437919
2013-05-31 11:30:00,-0.58865102,1.84706397883,1.0666457491
2013-05-31 12:00:00,-0.061150011,7.0891950101,1.7168257969
2013-05-31 12:30:00,-0.24745162,1.88516715036,1.33653676164
2013-05-31 13:00:00,-0.11131774,5.0183929722,1.57246894516
2013-05-31 13:30:00,-0.13783329,3.40098823033,1.51308243458
2013-05-31 14:00:00,0.029303874,4.55360882051,2.0
2013-05-31 14:30:00,-0.12471353,3.59469017003,1.54132488024
2013-05-31 15:00:00,-0.062727533,8.69693385066,1.71143491778
2013-05-31 15:30:00,-0.069187199,4.04102843552,1.69004462887
2013-05-31 16:00:00,-0.075477408,12.9385439873,1.67020680184
2013-05-31 16:30:00,,,2.0
2013-05-31 17:00:00,0.13651869,3.26357264766,2.0
2013-05-31 17:30:00,,,2.0
2013-05-31 18:00:00,,,2.0
2013-05-31 18:30:00,,,2.0
2013-05-31 19:00:00,,,2.0
2013-05-31 19:30:00,,,2.0
2013-05-31 20:00:00,0.58669035,3.30360343957,2.0
2013-05-31 20:30:00,,,2.0
2013-05-31 21:00:00,,,2.0
2013-05-31 21:30:00,1.3915676,1.89733560388,2.0
2013-05-31 22:00:00,1.4432392,2.54008627668,2.0
2013-05-31 22:30:00,0.74819416,3.27574617938,2.0
2013-05-31 23:00:00,,,2.0
2013-05-31 23:30:00,,,2.0
2013-06-01 00:00:00,,,2.0
2013-06-01 00:30:00,,,2.0
2013-06-01 01:00:00,,,2.0
2013-06-01 01:30:00,,,2.0
2013-06-01 02:00:00,,,2.0
2013-06-01 02:30:00,,,2.0
2013-06-01 03:00:00,,,2.0
2013-06-01 03:30:00,,,2.0
2013-06-01 04:00:00,,,2.0
2013-06-01 04:30:00,,,2.0
2013-06-01 05:00:00,,,2.0
2013-06-01 05:30:00,,,2.0
2013-06-01 06:00:00,,,2.0
2013-06-01 06:30:00,,,2.0
2013-06-01 07:00:00,,,2.0
2013-06-01 07:30:00,,,2.0
2013-06-01 08:00:00,,,2.0
2013-06-01 08:30:00,,,2.0
2013-06-01 09:00:00,-0.4409742,1.39850324076,1.1552119186
2013-06-01 09:30:00,-0.33997018,1.34954593054,1.236686354
2013-06-01 10:00:00,-0.16171133,1.63062025723,1.46655675019
2013-06-01 10:30:00,-0.089002971,2.30755799053,1.63050861769
2013-06-01 11:00:00,-0.12873599,4.9326230712,1.53244196108
2013-06-01 11:30:00,,,2.0
2013-06-01 12:00:00,,,2.0
2013-06-01 12:30:00,-0.13684658,1.88696892136,1.51513515384
2013-06-01 13:00:00,-0.11356989,2.57345301502,1.56705590697
2013-06-01 13:30:00,-0.095680635,4.05237377941,1.61224335417
2013-06-01 14:00:00,-0.10861067,2.58762634318,1.57907556452
2013-06-01 14:30:00,-0.11493274,2.58547395729,1.56381624109
2013-06-01 15:00:00,,,2.0
2013-06-01 15:30:00,,,2.0
2013-06-01 16:00:00,,,2.0
2013-06-01 16:30:00,-0.15647519,2.88979683943,1.47627186041
2013-06-01 17:00:00,,,2.0
2013-06-01 17:30:00,,,2.0
2013-06-01 18:00:00,1.0948197,2.60640003266,2.0
2013-06-01 18:30:00,,,2.0
2013-06-01 19:00:00,0.78330351,3.58246280151,2.0
2013-06-01 19:30:00,0.93321751,2.89495113189,2.0
2013-06-01 20:00:00,0.94105546,2.59281791275,2.0
2013-06-01 20:30:00,,,2.0
2013-06-01 21:00:00,,,2.0
2013-06-01 21:30:00,1.1948837,3.17452434626,2.0
2013-06-01 22:00:00,,,2.0
2013-06-01 22:30:00,,,2.0
2013-06-01 23:00:00,,,2.0
2013-06-01 23:30:00,1.2106967,3.78113146427,2.0
2013-06-02 00:00:00,1.2210589,3.05289393009,2.0
2013-06-02 00:30:00,,,2.0
2013-06-02 01:00:00,,,2.0
2013-06-02 01:30:00,,,2.0
2013-06-02 02:00:00,,,2.0
2013-06-02 02:30:00,,,2.0
2013-06-02 03:00:00,,,2.0
2013-06-02 03:30:00,,,2.0
2013-06-02 04:00:00,,,2.0
2013-06-02 04:30:00,,,2.0
2013-06-02 05:00:00,,,2.0
2013-06-02 05:30:00,,,2.0
2013-06-02 06:00:00,,,2.0
2013-06-02 06:30:00,,,2.0
2013-06-02 07:00:00,-0.31697796,3.80413957005,1.25873783492
2013-06-02 07:30:00,-1.2767468,1.14605551137,0.847783714631
2013-06-02 08:00:00,,,2.0
2013-06-02 08:30:00,-0.76886132,1.18009149558,0.987637792177
2013-06-02 09:00:00,,,2.0
2013-06-02 09:30:00,-1.1844774,1.07397714417,0.867537003805
2013-06-02 10:00:00,-4.0883777,0.693112005166,0.585587389361
2013-06-02 10:30:00,-0.4595735,1.23829186139,1.14239028811
2013-06-02 11:00:00,-0.24181868,2.34622627935,1.34372840484
2013-06-02 11:30:00,-0.20789087,1.76787266261,1.39060181919
2013-06-02 12:00:00,-0.23726946,1.86383040006,1.34965100568
2013-06-02 12:30:00,-0.21852377,1.51248485054,1.37521000567
2013-06-02 13:00:00,-0.43666537,1.3528586765,1.15826550549
2013-06-02 13:30:00,-0.25394191,1.93946176719,1.32843805714
2013-06-02 14:00:00,-0.81233114,1.11722136163,0.971788805396
2013-06-02 14:30:00,-1.5845962,1.23056702579,0.792815149411
2013-06-02 15:00:00,,,2.0
2013-06-02 15:30:00,,,2.0
2013-06-02 16:00:00,,,2.0
2013-06-02 16:30:00,,,2.0
2013-06-02 17:00:00,,,2.0
2013-06-02 17:30:00,,,2.0
2013-06-02 18:00:00,,,2.0
2013-06-02 18:30:00,,,2.0
2013-06-02 19:00:00,,,2.0
2013-06-02 19:30:00,,,2.0
2013-06-02 20:00:00,0.063302673,7.08051881432,2.0
2013-06-02 20:30:00,0.14585928,2.12494870303,2.0
2013-06-02 21:00:00,0.48992551,3.19051605994,2.0
2013-06-02 21:30:00,0.22461659,2.5383804513,2.0
2013-06-02 22:00:00,0.37972415,2.29032058718,2.0
2013-06-02 22:30:00,0.36531881,2.57287564444,2.0
2013-06-02 23:00:00,,,2.0
2013-06-02 23:30:00,0.44310029,2.12737893961,2.0
2013-06-03 00:00:00,,,2.0
2013-06-03 00:30:00,,,2.0
2013-06-03 01:00:00,,,2.0
2013-06-03 01:30:00,,,2.0
2013-06-03 02:00:00,,,2.0
2013-06-03 02:30:00,,,2.0
2013-06-03 03:00:00,,,2.0
2013-06-03 03:30:00,,,2.0
2013-06-03 04:00:00,,,2.0
2013-06-03 04:30:00,,,2.0
2013-06-03 05:00:00,,,2.0
2013-06-03 05:30:00,,,2.0
2013-06-03 06:00:00,,,2.0
2013-06-03 06:30:00,,,2.0
2013-06-03 07:00:00,,,2.0
2013-06-03 07:30:00,,,2.0
2013-06-03 08:00:00,,,2.0
2013-06-03 08:30:00,-0.29703576,1.49088055191,1.27920212573
2013-06-03 09:00:00,-0.28883554,1.35731650528,1.28801363519
2013-06-03 09:30:00,-0.31312854,1.40899059428,1.26258640236
2013-06-03 10:00:00,-1.3174558,0.881110633397,0.839619315584
2013-06-03 10:30:00,-1.5454166,0.813954266281,0.799038769796
2013-06-03 11:00:00,-0.61405328,1.15065609194,1.05393897603
2013-06-03 11:30:00,-0.39246991,1.59081016355,1.19158024797
2013-06-03 12:00:00,-0.35577305,1.22172032507,1.22239185957
2013-06-03 12:30:00,-0.16786757,2.34400670222,1.45545441063
2013-06-03 13:00:00,-0.3147459,1.61739278966,1.26096367265
2013-06-03 13:30:00,-0.2707188,3.20418460927,1.30837767631
2013-06-03 14:00:00,-0.26526703,3.45690018812,1.3147633673
2013-06-03 14:30:00,-0.14340401,3.47838322605,1.50169814578
2013-06-03 15:00:00,-0.056052811,14.0891733351,1.73472115032
2013-06-03 15:30:00,-0.11408821,2.41083468656,1.56582063313
2013-06-03 16:00:00,-0.17745529,2.66026487006,1.43881208831
2013-06-03 16:30:00,,,2.0
2013-06-03 17:00:00,0.13331887,4.492273767,2.0
2013-06-03 17:30:00,,,2.0
2013-06-03 18:00:00,,,2.0
2013-06-03 18:30:00,,,2.0
2013-06-03 19:00:00,0.6919474,2.66255290677,2.0
2013-06-03 19:30:00,,,2.0
2013-06-03 20:00:00,,,2.0
2013-06-03 20:30:00,1.0958763,2.64095019495,2.0
2013-06-03 21:00:00,,,2.0
2013-06-03 21:30:00,,,2.0
2013-06-03 22:00:00,,,2.0
2013-06-03 22:30:00,,,2.0
2013-06-03 23:00:00,,,2.0
2013-06-03 23:30:00,,,2.0
2013-06-04 00:00:00,,,2.0
2013-06-04 00:30:00,,,2.0
2013-06-04 01:00:00,,,2.0
2013-06-04 01:30:00,,,2.0
2013-06-04 02:00:00,,,2.0
2013-06-04 02:30:00,,,2.0
2013-06-04 03:00:00,,,2.0
2013-06-04 03:30:00,,,2.0
2013-06-04 04:00:00,,,2.0
2013-06-04 04:30:00,,,2.0
2013-06-04 05:00:00,,,2.0
2013-06-04 05:30:00,,,2.0
2013-06-04 06:00:00,,,2.0
2013-06-04 06:30:00,,,2.0
2013-06-04 07:00:00,,,2.0
2013-06-04 07:30:00,-1.2015373,1.37143544094,0.863745308018
2013-06-04 08:00:00,-0.38538974,1.56164131665,1.19728443838
2013-06-04 08:30:00,-0.3717246,1.47104494225,1.20861055574
2013-06-04 09:00:00,-0.50130099,1.35905713461,1.11556928483
2013-06-04 09:30:00,-0.41586656,1.51510510271,1.17347411432
2013-06-04 10:00:00,,,2.0
2013-06-04 10:30:00,,,2.0
2013-06-04 11:00:00,,,2.0
2013-06-04 11:30:00,-1.2990315,1.6062158769,0.843275299092
2013-06-04 12:00:00,,,2.0
2013-06-04 12:30:00,,,2.0
2013-06-04 13:00:00,,,2.0
2013-06-04 13:30:00,,,2.0
2013-06-04 14:00:00,,,2.0
2013-06-04 14:30:00,,,2.0
2013-06-04 15:00:00,,,2.0
2013-06-04 15:30:00,,,2.0
2013-06-04 16:00:00,-0.98538151,1.51123954385,0.917404854186
2013-06-04 16:30:00,-0.41885392,4.53328316669,1.17124034421
2013-06-04 17:00:00,,,2.0
2013-06-04 17:30:00,,,2.0
2013-06-04 18:00:00,,,2.0
2013-06-04 18:30:00,,,2.0
2013-06-04 19:00:00,,,2.0
2013-06-04 19:30:00,0.67469012,2.56080365679,2.0
2013-06-04 20:00:00,0.86074778,2.73925258397,2.0
2013-06-04 20:30:00,,,2.0
2013-06-04 21:00:00,,,2.0
2013-06-04 21:30:00,,,2.0
2013-06-04 22:00:00,,,2.0
2013-06-04 22:30:00,,,2.0
2013-06-04 23:00:00,,,2.0
2013-06-04 23:30:00,,,2.0
2013-06-05 00:00:00,,,2.0
2013-06-05 00:30:00,,,2.0
2013-06-05 01:00:00,,,2.0
2013-06-05 01:30:00,,,2.0
2013-06-05 02:00:00,,,2.0
2013-06-05 02:30:00,,,2.0
2013-06-05 03:00:00,,,2.0
2013-06-05 03:30:00,,,2.0
2013-06-05 04:00:00,,,2.0
2013-06-05 04:30:00,,,2.0
2013-06-05 05:00:00,,,2.0
2013-06-05 05:30:00,,,2.0
2013-06-05 06:00:00,,,2.0
2013-06-05 06:30:00,,,2.0
2013-06-05 07:00:00,-0.69856388,3.21503474865,1.0156278246
2013-06-05 07:30:00,-0.48413736,1.49846360424,1.12629448147
2013-06-05 08:00:00,-0.37188825,1.47268038989,1.20847236638
2013-06-05 08:30:00,-0.3306249,1.57074016666,1.24546196818
2013-06-05 09:00:00,-0.4220473,1.36702853313,1.16887122044
2013-06-05 09:30:00,-0.196263,1.64488264959,1.40825227859
2013-06-05 10:00:00,-0.23974046,1.53183461504,1.34642110577
2013-06-05 10:30:00,-0.14883816,2.36906381131,1.49091592879
2013-06-05 11:00:00,-0.19170426,3.73795308988,1.41542173286
2013-06-05 11:30:00,-0.26189136,3.8571854463,1.31878045389
2013-06-05 12:00:00,-0.36292604,4.6177185168,1.2161346544
2013-06-05 12:30:00,-0.17815396,4.26440936062,1.43762881232
2013-06-05 13:00:00,-0.44225918,2.82428933673,1.15430748854
2013-06-05 13:30:00,,,2.0
2013-06-05 14:00:00,,,2.0
2013-06-05 14:30:00,,,2.0
2013-06-05 15:00:00,-0.74683574,1.46034193003,0.996075197125
2013-06-05 15:30:00,,,2.0
2013-06-05 16:00:00,0.021027446,9.60788144237,2.0
2013-06-05 16:30:00,,,2.0
2013-06-05 17:00:00,,,2.0
2013-06-05 17:30:00,,,2.0
2013-06-05 18:00:00,,,2.0
2013-06-05 18:30:00,,,2.0
2013-06-05 19:00:00,,,2.0
2013-06-05 19:30:00,,,2.0
2013-06-05 20:00:00,1.0155243,2.856687145,2.0
2013-06-05 20:30:00,,,2.0
2013-06-05 21:00:00,,,2.0
2013-06-05 21:30:00,0.55473568,3.00631002309,2.0
2013-06-05 22:00:00,,,2.0
2013-06-05 22:30:00,,,2.0
2013-06-05 23:00:00,,,2.0
2013-06-05 23:30:00,,,2.0
2013-06-06 00:00:00,,,2.0
2013-06-06 00:30:00,,,2.0
2013-06-06 01:00:00,,,2.0
2013-06-06 01:30:00,,,2.0
2013-06-06 02:00:00,,,2.0
2013-06-06 02:30:00,,,2.0
2013-06-06 03:00:00,,,2.0
2013-06-06 03:30:00,,,2.0
2013-06-06 04:00:00,,,2.0
2013-06-06 04:30:00,,,2.0
2013-06-06 05:00:00,,,2.0
2013-06-06 05:30:00,,,2.0
2013-06-06 06:00:00,,,2.0
2013-06-06 06:30:00,,,2.0
2013-06-06 07:00:00,,,2.0
2013-06-06 07:30:00,-0.99854826,1.35635703143,0.913742516628
2013-06-06 08:00:00,-0.62363783,1.39004980652,1.04929905311
2013-06-06 08:30:00,-0.36371334,1.4773139769,1.21545373962
2013-06-06 09:00:00,,,2.0
2013-06-06 09:30:00,,,2.0
2013-06-06 10:00:00,,,2.0
2013-06-06 10:30:00,-0.22328463,1.70083336947,1.36853511305
2013-06-06 11:00:00,-0.24290863,2.60878883629,1.34232476082
2013-06-06 11:30:00,-0.90622425,1.09014487771,0.940737884157
2013-06-06 12:00:00,-0.34361831,1.79467433042,1.2333269889
2013-06-06 12:30:00,-0.69046161,1.16229412214,1.0190633166
2013-06-06 13:00:00,,,2.0
2013-06-06 13:30:00,,,2.0
2013-06-06 14:00:00,,,2.0
2013-06-06 14:30:00,,,2.0
2013-06-06 15:00:00,,,2.0
2013-06-06 15:30:00,0.55852451,2.41989889837,2.0
2013-06-06 16:00:00,,,2.0
2013-06-06 16:30:00,,,2.0
2013-06-06 17:00:00,,,2.0
2013-06-06 17:30:00,,,2.0
2013-06-06 18:00:00,,,2.0
2013-06-06 18:30:00,,,2.0
2013-06-06 19:00:00,,,2.0
2013-06-06 19:30:00,,,2.0
2013-06-06 20:00:00,,,2.0
2013-06-06 20:30:00,,,2.0
2013-06-06 21:00:00,,,2.0
2013-06-06 21:30:00,,,2.0
2013-06-06 22:00:00,0.37660857,3.2443123749,2.0
2013-06-06 22:30:00,,,2.0
2013-06-06 23:00:00,,,2.0
2013-06-06 23:30:00,0.87647268,2.25373385117,2.0
2013-06-07 00:00:00,,,2.0
2013-06-07 00:30:00,0.67556356,2.77841284449,2.0
2013-06-07 01:00:00,,,2.0
2013-06-07 01:30:00,,,2.0
2013-06-07 02:00:00,,,2.0
2013-06-07 02:30:00,,,2.0
2013-06-07 03:00:00,0.41590175,3.62689171397,2.0
2013-06-07 03:30:00,0.27789728,2.11067057255,2.0
2013-06-07 04:00:00,0.19331193,2.38568291298,2.0
2013-06-07 04:30:00,0.10812962,3.70002778717,2.0
2013-06-07 05:00:00,0.041570876,4.66738196787,2.0
2013-06-07 05:30:00,,,2.0
2013-06-07 06:00:00,,,2.0
2013-06-07 06:30:00,,,2.0
2013-06-07 07:00:00,,,2.0
2013-06-07 07:30:00,,,2.0
2013-06-07 08:00:00,-0.073536116,2.70331992613,1.67622974738
2013-06-07 08:30:00,-0.021552191,5.30176256019,1.87959747794
2013-06-07 09:00:00,,,2.0
2013-06-07 09:30:00,-0.016337422,20.9417709894,1.90609077094
2013-06-07 10:00:00,-0.01922773,3.62377966328,1.89122386315
2013-06-07 10:30:00,-0.05211306,2.45362200188,1.74907765896
2013-06-07 11:00:00,-0.020917143,3.71660745682,1.88274545409
2013-06-07 11:30:00,-0.056776833,2.59190704388,1.73213361711
2013-06-07 12:00:00,-0.033895552,5.22678265219,1.82229491211
2013-06-07 12:30:00,-0.0011953999,6.79526120962,1.99248595045
2013-06-07 13:00:00,-0.12278156,2.57693661394,1.54566529153
2013-06-07 13:30:00,-0.035029019,4.72938097338,1.8173739941
2013-06-07 14:00:00,,,2.0
2013-06-07 14:30:00,-0.13955652,2.10038260778,1.50952399148
2013-06-07 15:00:00,-0.032518586,8.13994507762,1.82834536362
2013-06-07 15:30:00,0.019227662,2.99355604877,2.0
2013-06-07 16:00:00,0.088528207,2.6808202403,2.0
2013-06-07 16:30:00,0.091719962,2.52715035843,2.0
2013-06-07 17:00:00,,,2.0
2013-06-07 17:30:00,,,2.0
2013-06-07 18:00:00,0.7483376,2.231575563,2.0
2013-06-07 18:30:00,,,2.0
2013-06-07 19:00:00,,,2.0
2013-06-07 19:30:00,,,2.0
2013-06-07 20:00:00,,,2.0
2013-06-07 20:30:00,,,2.0
2013-06-07 21:00:00,,,2.0
2013-06-07 21:30:00,,,2.0
2013-06-07 22:00:00,,,2.0
2013-06-07 22:30:00,,,2.0
2013-06-07 23:00:00,,,2.0
2013-06-07 23:30:00,,,2.0
2013-06-08 00:00:00,,,2.0
2013-06-08 00:30:00,,,2.0
2013-06-08 01:00:00,,,2.0
2013-06-08 01:30:00,,,2.0
2013-06-08 02:00:00,,,2.0
2013-06-08 02:30:00,,,2.0
2013-06-08 03:00:00,,,2.0
2013-06-08 03:30:00,,,2.0
2013-06-08 04:00:00,,,2.0
2013-06-08 04:30:00,,,2.0
2013-06-08 05:00:00,,,2.0
2013-06-08 05:30:00,,,2.0
2013-06-08 06:00:00,,,2.0
2013-06-08 06:30:00,,,2.0
2013-06-08 07:00:00,,,2.0
2013-06-08 07:30:00,,,2.0
2013-06-08 08:00:00,-0.49491469,1.52291755541,1.11951213785
2013-06-08 08:30:00,,,2.0
2013-06-08 09:00:00,,,2.0
2013-06-08 09:30:00,,,2.0
2013-06-08 10:00:00,,,2.0
2013-06-08 10:30:00,,,2.0
2013-06-08 11:00:00,,,2.0
2013-06-08 11:30:00,,,2.0
2013-06-08 12:00:00,,,2.0
2013-06-08 12:30:00,-1.2417009,1.55493022649,0.855073521537
2013-06-08 13:00:00,-0.23744917,1.76304989838,1.34941505639
2013-06-08 13:30:00,-1.0296938,1.05848047561,0.905306551656
2013-06-08 14:00:00,,,2.0
2013-06-08 14:30:00,,,2.0
2013-06-08 15:00:00,,,2.0
2013-06-08 15:30:00,,,2.0
2013-06-08 16:00:00,,,2.0
2013-06-08 16:30:00,,,2.0
2013-06-08 17:00:00,,,2.0
2013-06-08 17:30:00,,,2.0
2013-06-08 18:00:00,,,2.0
2013-06-08 18:30:00,,,2.0
2013-06-08 19:00:00,,,2.0
2013-06-08 19:30:00,,,2.0
2013-06-08 20:00:00,,,2.0
2013-06-08 20:30:00,,,2.0
2013-06-08 21:00:00,,,2.0
2013-06-08 21:30:00,,,2.0
2013-06-08 22:00:00,,,2.0
2013-06-08 22:30:00,0.14983066,2.85909335023,2.0
2013-06-08 23:00:00,0.34880483,2.25874160219,2.0
2013-06-08 23:30:00,0.26917817,1.98579181771,2.0
2013-06-09 00:00:00,0.20204054,2.54840652474,2.0
2013-06-09 00:30:00,0.13755188,2.48528303441,2.0
2013-06-09 01:00:00,0.084920457,3.09850771786,2.0
2013-06-09 01:30:00,0.079364029,3.55466675358,2.0
2013-06-09 02:00:00,0.11677028,2.39732162403,2.0
2013-06-09 02:30:00,,,2.0
2013-06-09 03:00:00,,,2.0
2013-06-09 03:30:00,,,2.0
2013-06-09 04:00:00,,,2.0
2013-06-09 04:30:00,,,2.0
2013-06-09 05:00:00,,,2.0
2013-06-09 05:30:00,,,2.0
2013-06-09 06:00:00,,,2.0
2013-06-09 06:30:00,,,2.0
2013-06-09 07:00:00,,,2.0
2013-06-09 07:30:00,,,2.0
2013-06-09 08:00:00,,,2.0
2013-06-09 08:30:00,-0.37964154,3.64049504218,1.20199685127
2013-06-09 09:00:00,-0.18003925,2.26882025386,1.43445517482
2013-06-09 09:30:00,-0.48412846,1.16531564106,1.12630015057
2013-06-09 10:00:00,-6.2705141,0.677510638474,0.509265686547
2013-06-09 10:30:00,-1.1730684,0.978069704231,0.870110261447
2013-06-09 11:00:00,-0.50438313,1.20742982211,1.11368614296
2013-06-09 11:30:00,-0.37761031,1.64382456435,1.20367991232
2013-06-09 12:00:00,-0.39468788,1.40132584491,1.18981553703
2013-06-09 12:30:00,-2.6552125,0.839527294361,0.673174236764
2013-06-09 13:00:00,-6.4860159,0.597230763263,0.503653930575
2013-06-09 13:30:00,-1.0941865,1.37454574065,0.888781048577
2013-06-09 14:00:00,-0.49577679,1.59726407187,1.11897662534
2013-06-09 14:30:00,-1.2189118,1.63934711295,0.859950929819
2013-06-09 15:00:00,,,2.0
2013-06-09 15:30:00,-0.043072541,6.40300689396,1.78391257342
2013-06-09 16:00:00,,,2.0
2013-06-09 16:30:00,,,2.0
2013-06-09 17:00:00,,,2.0
2013-06-09 17:30:00,,,2.0
2013-06-09 18:00:00,,,2.0
2013-06-09 18:30:00,,,2.0
2013-06-09 19:00:00,,,2.0
2013-06-09 19:30:00,0.57591318,2.85535112583,2.0
2013-06-09 20:00:00,,,2.0
2013-06-09 20:30:00,0.67876846,2.19105893931,2.0
2013-06-09 21:00:00,0.74955145,2.49034764243,2.0
2013-06-09 21:30:00,,,2.0
2013-06-09 22:00:00,,,2.0
2013-06-09 22:30:00,,,2.0
2013-06-09 23:00:00,,,2.0
2013-06-09 23:30:00,,,2.0
2013-06-10 00:00:00,,,2.0
2013-06-10 00:30:00,,,2.0
2013-06-10 01:00:00,,,2.0
2013-06-10 01:30:00,,,2.0
2013-06-10 02:00:00,1.1889647,3.00193474741,2.0
2013-06-10 02:30:00,,,2.0
2013-06-10 03:00:00,0.54065862,3.81332421911,2.0
2013-06-10 03:30:00,,,2.0
2013-06-10 04:00:00,0.3797351,3.9174845417,2.0
2013-06-10 04:30:00,0.62451312,3.33667719262,2.0
2013-06-10 05:00:00,,,2.0
2013-06-10 05:30:00,0.59923681,4.19947402858,2.0
2013-06-10 06:00:00,,,2.0
2013-06-10 06:30:00,,,2.0
2013-06-10 07:00:00,-0.29009452,2.72242720242,1.28664499458
2013-06-10 07:30:00,-0.59972371,1.48520926513,1.06103192513
2013-06-10 08:00:00,-1.9399163,1.02315967759,0.743952121521
2013-06-10 08:30:00,,,2.0
2013-06-10 09:00:00,,,2.0
2013-06-10 09:30:00,,,2.0
2013-06-10 10:00:00,-0.67331573,1.28165990508,1.02648967698
2013-06-10 10:30:00,,,2.0
2013-06-10 11:00:00,-0.28380586,1.84420054676,1.29354014325
2013-06-10 11:30:00,-0.30622179,1.38467579249,1.26961138859
2013-06-10 12:00:00,-0.27514748,2.02531373313,1.3032805367
2013-06-10 12:30:00,-0.179104,2.8576244611,1.4360260385
2013-06-10 13:00:00,-0.10760459,4.41200797763,1.58155939161
2013-06-10 13:30:00,,,2.0
2013-06-10 14:00:00,,,2.0
2013-06-10 14:30:00,-0.69454496,1.4253862467,1.01732611081
2013-06-10 15:00:00,-0.27248582,2.88667876556,1.30633439365
2013-06-10 15:30:00,-0.0095643505,7.17184772675,1.9428539149
2013-06-10 16:00:00,,,2.0
2013-06-10 16:30:00,0.058743591,5.87236247096,2.0
2013-06-10 17:00:00,,,2.0
2013-06-10 17:30:00,,,2.0
2013-06-10 18:00:00,,,2.0
2013-06-10 18:30:00,,,2.0
2013-06-10 19:00:00,,,2.0
2013-06-10 19:30:00,,,2.0
2013-06-10 20:00:00,,,2.0
2013-06-10 20:30:00,,,2.0
2013-06-10 21:00:00,,,2.0
2013-06-10 21:30:00,0.93811372,2.60642527832,2.0
2013-06-10 22:00:00,0.74414344,2.64997196505,2.0
2013-06-10 22:30:00,,,2.0
2013-06-10 23:00:00,,,2.0
2013-06-10 23:30:00,,,2.0
2013-06-11 00:00:00,,,2.0
2013-06-11 00:30:00,,,2.0
2013-06-11 01:00:00,,,2.0
2013-06-11 01:30:00,,,2.0
2013-06-11 02:00:00,,,2.0
2013-06-11 02:30:00,,,2.0
2013-06-11 03:00:00,,,2.0
2013-06-11 03:30:00,,,2.0
2013-06-11 04:00:00,,,2.0
2013-06-11 04:30:00,,,2.0
2013-06-11 05:00:00,,,2.0
2013-06-11 05:30:00,,,2.0
2013-06-11 06:00:00,,,2.0
2013-06-11 06:30:00,,,2.0
2013-06-11 07:00:00,,,2.0
2013-06-11 07:30:00,,,2.0
2013-06-11 08:00:00,,,2.0
2013-06-11 08:30:00,-0.67817484,1.26785706554,1.02436307861
2013-06-11 09:00:00,-0.21265266,1.65006431249,1.3836239843
2013-06-11 09:30:00,-0.17372975,1.76770026976,1.4451881973
2013-06-11 10:00:00,,,2.0
2013-06-11 10:30:00,,,2.0
2013-06-11 11:00:00,-1.6500217,4.43294716021,0.782839850105
2013-06-11 11:30:00,-0.070498268,6.31930513884,1.6858319156
2013-06-11 12:00:00,-0.070104441,4.19289169447,1.68709294244
2013-06-11 12:30:00,-0.043077708,4.08607117079,1.7838918608
2013-06-11 13:00:00,,,2.0
2013-06-11 13:30:00,-0.048869897,6.29213750712,1.76126024296
2013-06-11 14:00:00,-0.021317433,11.409965367,1.8807587356
2013-06-11 14:30:00,,,2.0
2013-06-11 15:00:00,-0.75320228,1.62368282298,0.993606724923
2013-06-11 15:30:00,-0.27799194,2.21126066935,1.30004827823
2013-06-11 16:00:00,,,2.0
2013-06-11 16:30:00,,,2.0
2013-06-11 17:00:00,,,2.0
2013-06-11 17:30:00,,,2.0
2013-06-11 18:00:00,,,2.0
2013-06-11 18:30:00,,,2.0
2013-06-11 19:00:00,,,2.0
2013-06-11 19:30:00,,,2.0
2013-06-11 20:00:00,0.60919865,3.882740114,2.0
2013-06-11 20:30:00,,,2.0
2013-06-11 21:00:00,0.73526176,4.24165250926,2.0
2013-06-11 21:30:00,0.58302921,4.49342300819,2.0
2013-06-11 22:00:00,0.55455483,5.01558323015,2.0
2013-06-11 22:30:00,1.069175,5.00372405561,2.0
2013-06-11 23:00:00,0.970044,3.45474692132,2.0
2013-06-11 23:30:00,,,2.0
2013-06-12 00:00:00,,,2.0
2013-06-12 00:30:00,,,2.0
2013-06-12 01:00:00,,,2.0
2013-06-12 01:30:00,,,2.0
2013-06-12 02:00:00,,,2.0
2013-06-12 02:30:00,,,2.0
2013-06-12 03:00:00,,,2.0
2013-06-12 03:30:00,,,2.0
2013-06-12 04:00:00,,,2.0
2013-06-12 04:30:00,,,2.0
2013-06-12 05:00:00,,,2.0
2013-06-12 05:30:00,,,2.0
2013-06-12 06:00:00,,,2.0
2013-06-12 06:30:00,,,2.0
2013-06-12 07:00:00,-0.48323278,1.90777686751,1.12687126364
2013-06-12 07:30:00,-0.20526014,1.62336457543,1.39451780591
2013-06-12 08:00:00,-0.14283299,3.19162643349,1.50284936967
2013-06-12 08:30:00,-0.40908906,1.5918128605,1.17860583887
2013-06-12 09:00:00,-0.10466971,1.79379996423,1.58889542419
2013-06-12 09:30:00,-0.1750646,1.52574158771,1.44289067293
2013-06-12 10:00:00,-0.22344204,1.82993359159,1.36831662395
2013-06-12 10:30:00,-0.18255912,2.53623315741,1.43025670338
2013-06-12 11:00:00,-0.061685897,7.84536872657,1.7149868945
2013-06-12 11:30:00,-0.13353136,4.53996702762,1.52211457001
2013-06-12 12:00:00,-0.17439371,2.77499819494,1.44404357133
2013-06-12 12:30:00,-0.1161508,2.08929337222,1.56094330311
2013-06-12 13:00:00,-0.17135578,2.74935815011,1.44931067399
2013-06-12 13:30:00,,,2.0
2013-06-12 14:00:00,,,2.0
2013-06-12 14:30:00,0.014824954,6.07178837957,2.0
2013-06-12 15:00:00,0.0082582868,4.7367408194,2.0
2013-06-12 15:30:00,,,2.0
2013-06-12 16:00:00,,,2.0
2013-06-12 16:30:00,,,2.0
2013-06-12 17:00:00,,,2.0
2013-06-12 17:30:00,,,2.0
2013-06-12 18:00:00,,,2.0
2013-06-12 18:30:00,,,2.0
2013-06-12 19:00:00,,,2.0
2013-06-12 19:30:00,,,2.0
2013-06-12 20:00:00,0.62707223,2.64560982186,2.0
2013-06-12 20:30:00,1.0019321,2.92296760486,2.0
2013-06-12 21:00:00,0.6959826,2.13436249498,2.0
2013-06-12 21:30:00,0.68912944,2.80026460149,2.0
2013-06-12 22:00:00,0.9272158,2.17318790527,2.0
2013-06-12 22:30:00,0.67452181,2.00911447043,2.0
2013-06-12 23:00:00,0.73376369,2.27458132648,2.0
2013-06-12 23:30:00,0.57710151,2.31273480821,2.0
2013-06-13 00:00:00,,,2.0
2013-06-13 00:30:00,,,2.0
2013-06-13 01:00:00,,,2.0
2013-06-13 01:30:00,,,2.0
2013-06-13 02:00:00,,,2.0
2013-06-13 02:30:00,,,2.0
2013-06-13 03:00:00,,,2.0
2013-06-13 03:30:00,0.59129736,3.00632916776,2.0
2013-06-13 04:00:00,0.77876619,2.76561428419,2.0
2013-06-13 04:30:00,0.31610456,2.87184098412,2.0
2013-06-13 05:00:00,,,2.0
2013-06-13 05:30:00,,,2.0
2013-06-13 06:00:00,,,2.0
2013-06-13 06:30:00,,,2.0
2013-06-13 07:00:00,-0.25628292,2.85223708961,1.32556463529
2013-06-13 07:30:00,-0.15420956,1.93553729149,1.48055618735
2013-06-13 08:00:00,-0.25080805,1.56306422551,1.33232396966
2013-06-13 08:30:00,-0.22326715,1.99531870398,1.36855938434
2013-06-13 09:00:00,-0.14780873,2.57024910919,1.49293474545
2013-06-13 09:30:00,-0.21397591,2.25385655798,1.38170962384
2013-06-13 10:00:00,-0.19013978,2.69268263082,1.41791606738
2013-06-13 10:30:00,-0.38532416,1.39616410568,1.1973377856
2013-06-13 11:00:00,-0.15318883,2.42729294166,1.48250272937
2013-06-13 11:30:00,-0.067813214,4.91908867986,1.69450504552
2013-06-13 12:00:00,,,2.0
2013-06-13 12:30:00,0.03210542,3.22583786607,2.0
2013-06-13 13:00:00,-0.038556996,12.856699351,1.80239044966
2013-06-13 13:30:00,-0.072295859,2.53355400859,1.68012353976
2013-06-13 14:00:00,-0.098681663,2.45407954976,1.6042962446
2013-06-13 14:30:00,0.016200944,4.33531744044,2.0
2013-06-13 15:00:00,0.05047965,3.2244694467,2.0
2013-06-13 15:30:00,,,2.0
2013-06-13 16:00:00,,,2.0
2013-06-13 16:30:00,,,2.0
2013-06-13 17:00:00,,,2.0
2013-06-13 17:30:00,,,2.0
2013-06-13 18:00:00,,,2.0
2013-06-13 18:30:00,0.41256567,2.43760152183,2.0
2013-06-13 19:00:00,,,2.0
2013-06-13 19:30:00,,,2.0
2013-06-13 20:00:00,,,2.0
2013-06-13 20:30:00,,,2.0
2013-06-13 21:00:00,,,2.0
2013-06-13 21:30:00,0.24593457,2.35179897472,2.0
2013-06-13 22:00:00,0.4408482,2.58919750108,2.0
2013-06-13 22:30:00,0.40146407,2.42497531663,2.0
2013-06-13 23:00:00,0.75365886,3.29161239513,2.0
2013-06-13 23:30:00,,,2.0
2013-06-14 00:00:00,0.41369219,3.88128987534,2.0
2013-06-14 00:30:00,,,2.0
2013-06-14 01:00:00,,,2.0
2013-06-14 01:30:00,,,2.0
2013-06-14 02:00:00,,,2.0
2013-06-14 02:30:00,,,2.0
2013-06-14 03:00:00,,,2.0
2013-06-14 03:30:00,,,2.0
2013-06-14 04:00:00,,,2.0
2013-06-14 04:30:00,,,2.0
2013-06-14 05:00:00,,,2.0
2013-06-14 05:30:00,,,2.0
2013-06-14 06:00:00,,,2.0
2013-06-14 06:30:00,,,2.0
2013-06-14 07:00:00,,,2.0
2013-06-14 07:30:00,,,2.0
2013-06-14 08:00:00,,,2.0
2013-06-14 08:30:00,,,2.0
2013-06-14 09:00:00,,,2.0
2013-06-14 09:30:00,-4.8781061,0.786974094039,0.552859068467
2013-06-14 10:00:00,-7.9295406,0.61137924252,0.471480464324
2013-06-14 10:30:00,-0.65739113,1.37781014181,1.03358505671
2013-06-14 11:00:00,-0.30949633,1.57260669351,1.26626134874
2013-06-14 11:30:00,-0.65292794,1.90544090813,1.03560920082
2013-06-14 12:00:00,-0.65608882,1.96296950032,1.03417404465
2013-06-14 12:30:00,,,2.0
2013-06-14 13:00:00,,,2.0
2013-06-14 13:30:00,,,2.0
2013-06-14 14:00:00,,,2.0
2013-06-14 14:30:00,-0.64715983,2.82577987071,1.03824881008
2013-06-14 15:00:00,,,2.0
2013-06-14 15:30:00,,,2.0
2013-06-14 16:00:00,0.18265816,4.03366394644,2.0
2013-06-14 16:30:00,,,2.0
2013-06-14 17:00:00,,,2.0
2013-06-14 17:30:00,,,2.0
2013-06-14 18:00:00,,,2.0
2013-06-14 18:30:00,,,2.0
2013-06-14 19:00:00,,,2.0
2013-06-14 19:30:00,,,2.0
2013-06-14 20:00:00,,,2.0
2013-06-14 20:30:00,,,2.0
2013-06-14 21:00:00,,,2.0
2013-06-14 21:30:00,,,2.0
2013-06-14 22:00:00,,,2.0
2013-06-14 22:30:00,0.35300523,3.04153488102,2.0
2013-06-14 23:00:00,0.15626732,2.48699179262,2.0
2013-06-14 23:30:00,0.13506547,2.47241113074,2.0
2013-06-15 00:00:00,,,2.0
2013-06-15 00:30:00,0.76336743,2.19050701915,2.0
2013-06-15 01:00:00,,,2.0
2013-06-15 01:30:00,,,2.0
2013-06-15 02:00:00,,,2.0
2013-06-15 02:30:00,,,2.0
2013-06-15 03:00:00,,,2.0
2013-06-15 03:30:00,,,2.0
2013-06-15 04:00:00,,,2.0
2013-06-15 04:30:00,,,2.0
2013-06-15 05:00:00,,,2.0
2013-06-15 05:30:00,,,2.0
2013-06-15 06:00:00,,,2.0
2013-06-15 06:30:00,,,2.0
2013-06-15 07:00:00,,,2.0
2013-06-15 07:30:00,-0.42075102,2.01620407631,1.16983059981
2013-06-15 08:00:00,-0.41708768,2.48753935468,1.17255897537
2013-06-15 08:30:00,-0.60709459,1.74086681238,1.05735967416
2013-06-15 09:00:00,-1.8023482,1.0560902424,0.761422128313
2013-06-15 09:30:00,-0.31983119,1.46248071296,1.25591529762
2013-06-15 10:00:00,-0.15797841,1.94421270612,1.47345645025
2013-06-15 10:30:00,-0.27335589,1.65130017801,1.30533297008
2013-06-15 11:00:00,-0.13650327,2.8299064101,1.51585198211
2013-06-15 11:30:00,-0.14676656,2.95805118132,1.49498973079
2013-06-15 12:00:00,-0.62451635,1.44786370992,1.04887782983
2013-06-15 12:30:00,-0.11704039,4.74348183066,1.55885838222
2013-06-15 13:00:00,-0.7434456,1.28883335326,0.997399698637
2013-06-15 13:30:00,-0.41884083,1.68146559397,1.17125009508
2013-06-15 14:00:00,-0.37469669,1.85836867934,1.20611066641
2013-06-15 14:30:00,-0.73151159,2.45563439276,1.00211894386
2013-06-15 15:00:00,-0.91681173,2.82058770874,0.93747829449
2013-06-15 15:30:00,-0.049960529,18.9433106098,1.75712555771
2013-06-15 16:00:00,-0.25674965,6.35114811039,1.32499472281
2013-06-15 16:30:00,,,2.0
2013-06-15 17:00:00,,,2.0
2013-06-15 17:30:00,,,2.0
2013-06-15 18:00:00,,,2.0
2013-06-15 18:30:00,,,2.0
2013-06-15 19:00:00,,,2.0
2013-06-15 19:30:00,,,2.0
2013-06-15 20:00:00,,,2.0
2013-06-15 20:30:00,,,2.0
2013-06-15 21:00:00,,,2.0
2013-06-15 21:30:00,,,2.0
2013-06-15 22:00:00,,,2.0
2013-06-15 22:30:00,,,2.0
2013-06-15 23:00:00,,,2.0
2013-06-15 23:30:00,,,2.0
2013-06-16 00:00:00,,,2.0
2013-06-16 00:30:00,,,2.0
2013-06-16 01:00:00,,,2.0
2013-06-16 01:30:00,,,2.0
2013-06-16 02:00:00,,,2.0
2013-06-16 02:30:00,,,2.0
2013-06-16 03:00:00,,,2.0
2013-06-16 03:30:00,,,2.0
2013-06-16 04:00:00,,,2.0
2013-06-16 04:30:00,,,2.0
2013-06-16 05:00:00,,,2.0
2013-06-16 05:30:00,,,2.0
2013-06-16 06:00:00,,,2.0
2013-06-16 06:30:00,,,2.0
2013-06-16 07:00:00,,,2.0
2013-06-16 07:30:00,,,2.0
2013-06-16 08:00:00,,,2.0
2013-06-16 08:30:00,-0.92748106,1.15113631243,0.934238735003
2013-06-16 09:00:00,-0.45278849,1.39177907242,1.14700152573
2013-06-16 09:30:00,-0.49864243,1.34909044746,1.11720390369
2013-06-16 10:00:00,-0.58176596,1.25048265449,1.07019704123
2013-06-16 10:30:00,-0.42233896,1.83300835609,1.16865579559
2013-06-16 11:00:00,-0.24790221,3.05872628007,1.33596810792
2013-06-16 11:30:00,-0.3354137,1.51253898743,1.24093408193
2013-06-16 12:00:00,-0.54725369,1.60780271601,1.08874176731
2013-06-16 12:30:00,-0.61018976,1.87099710963,1.05583269796
2013-06-16 13:00:00,-0.33397543,2.51365334238,1.24228707
2013-06-16 13:30:00,-0.15874482,3.17941022921,1.47202926323
2013-06-16 14:00:00,-0.084451623,7.56325486629,1.64344460872
2013-06-16 14:30:00,-0.14995788,2.98704930677,1.4887323892
2013-06-16 15:00:00,,,2.0
2013-06-16 15:30:00,,,2.0
2013-06-16 16:00:00,-0.061623519,4.368404088,1.71520054073
2013-06-16 16:30:00,,,2.0
2013-06-16 17:00:00,0.10861288,2.90687840498,2.0
2013-06-16 17:30:00,0.45066119,2.46002969343,2.0
2013-06-16 18:00:00,1.3774473,2.60082842959,2.0
2013-06-16 18:30:00,0.8984894,2.20887035259,2.0
2013-06-16 19:00:00,1.0746901,2.83453269868,2.0
2013-06-16 19:30:00,0.4415485,2.35018421917,2.0
2013-06-16 20:00:00,0.99044285,2.45053303307,2.0
2013-06-16 20:30:00,,,2.0
2013-06-16 21:00:00,0.99024141,2.23275609304,2.0
2013-06-16 21:30:00,,,2.0
2013-06-16 22:00:00,,,2.0
2013-06-16 22:30:00,,,2.0
2013-06-16 23:00:00,,,2.0
2013-06-16 23:30:00,,,2.0
2013-06-17 00:00:00,,,2.0
2013-06-17 00:30:00,,,2.0
2013-06-17 01:00:00,,,2.0
2013-06-17 01:30:00,,,2.0
2013-06-17 02:00:00,,,2.0
2013-06-17 02:30:00,,,2.0
2013-06-17 03:00:00,,,2.0
2013-06-17 03:30:00,,,2.0
2013-06-17 04:00:00,,,2.0
2013-06-17 04:30:00,,,2.0
2013-06-17 05:00:00,,,2.0
2013-06-17 05:30:00,1.1976126,2.21258620155,2.0
2013-06-17 06:00:00,0.7680913,2.50978148153,2.0
2013-06-17 06:30:00,,,2.0
2013-06-17 07:00:00,-0.23471779,2.2764519339,1.35301911985
2013-06-17 07:30:00,-0.2067576,1.87423849174,1.39228335606
2013-06-17 08:00:00,-0.091516595,1.97488418283,1.62353625136
2013-06-17 08:30:00,-0.15377855,1.74641709842,1.48137688006
2013-06-17 09:00:00,-0.19571967,1.5634345812,1.40909915499
2013-06-17 09:30:00,-0.11799019,1.79572717874,1.55664459184
2013-06-17 10:00:00,-0.090902511,1.8559802633,1.62522861189
2013-06-17 10:30:00,-0.040396814,9.27307806267,1.79476966267
2013-06-17 11:00:00,-0.021638168,28.5052534554,1.8791728996
2013-06-17 11:30:00,-0.11323718,3.23102146683,1.56785088784
2013-06-17 12:00:00,-0.033828429,19.4566880652,1.82258800013
2013-06-17 12:30:00,-0.070645355,3.34955246292,1.68536191162
2013-06-17 13:00:00,-0.054497541,9.96725536464,1.7403321505
2013-06-17 13:30:00,-0.18356413,4.53010399743,1.4285958576
2013-06-17 14:00:00,-0.12335875,5.27424189284,1.5443634414
2013-06-17 14:30:00,,,2.0
2013-06-17 15:00:00,0.030967825,8.24029235045,2.0
2013-06-17 15:30:00,-0.17319243,2.6149452551,1.44611716601
2013-06-17 16:00:00,,,2.0
2013-06-17 16:30:00,,,2.0
2013-06-17 17:00:00,,,2.0
2013-06-17 17:30:00,,,2.0
2013-06-17 18:00:00,,,2.0
2013-06-17 18:30:00,0.47299499,2.42998923628,2.0
2013-06-17 19:00:00,0.58489915,2.42863854239,2.0
2013-06-17 19:30:00,,,2.0
2013-06-17 20:00:00,,,2.0
2013-06-17 20:30:00,,,2.0
2013-06-17 21:00:00,1.158486,2.1399867322,2.0
2013-06-17 21:30:00,0.55371178,2.36775697761,2.0
2013-06-17 22:00:00,0.54989089,2.12121016955,2.0
2013-06-17 22:30:00,0.74027682,2.48337234721,2.0
2013-06-17 23:00:00,,,2.0
2013-06-17 23:30:00,,,2.0
2013-06-18 00:00:00,,,2.0
2013-06-18 00:30:00,,,2.0
2013-06-18 01:00:00,,,2.0
2013-06-18 01:30:00,,,2.0
2013-06-18 02:00:00,,,2.0
2013-06-18 02:30:00,0.85672842,2.05335843015,2.0
2013-06-18 03:00:00,0.77726559,2.41879275455,2.0
2013-06-18 03:30:00,0.96036386,2.40869058068,2.0
2013-06-18 04:00:00,,,2.0
2013-06-18 04:30:00,1.086253,2.09903900947,2.0
2013-06-18 05:00:00,,,2.0
2013-06-18 05:30:00,0.90504055,2.54060950389,2.0
2013-06-18 06:00:00,,,2.0
2013-06-18 06:30:00,,,2.0
2013-06-18 07:00:00,-0.79926373,1.43719700574,0.97644615625
2013-06-18 07:30:00,-0.30261559,1.75707725627,1.27334210939
2013-06-18 08:00:00,-0.52157557,1.39876944115,1.10340984282
2013-06-18 08:30:00,-0.24818086,1.60574974452,1.33561692982
2013-06-18 09:00:00,-0.10795125,1.88365950051,1.5807017873
2013-06-18 09:30:00,-0.089633857,1.72612644363,1.62874738498
2013-06-18 10:00:00,-0.052726811,3.33011406338,1.7468098119
2013-06-18 10:30:00,-0.09307594,2.52092733025,1.61927029653
2013-06-18 11:00:00,-0.095047561,2.60223921453,1.61394004482
2013-06-18 11:30:00,-0.086364253,2.22663310667,1.63795858497
2013-06-18 12:00:00,-0.15191664,3.58636972315,1.48494320593
2013-06-18 12:30:00,-0.10296963,2.79617869359,1.59320779534
2013-06-18 13:00:00,-0.049068516,18.64709738,1.76050436027
2013-06-18 13:30:00,-0.060028336,13.7456468037,1.7207005293
2013-06-18 14:00:00,,,2.0
2013-06-18 14:30:00,,,2.0
2013-06-18 15:00:00,-0.032455779,24.8321966749,1.82862326158
2013-06-18 15:30:00,,,2.0
2013-06-18 16:00:00,,,2.0
2013-06-18 16:30:00,,,2.0
2013-06-18 17:00:00,0.93658369,3.41502299441,2.0
2013-06-18 17:30:00,0.55672674,2.9269948794,2.0
2013-06-18 18:00:00,0.51734946,2.77041456792,2.0
2013-06-18 18:30:00,0.42510985,2.79082165792,2.0
2013-06-18 19:00:00,0.40767416,2.03960952687,2.0
2013-06-18 19:30:00,0.49756114,3.11020882044,2.0
2013-06-18 20:00:00,0.83040956,2.63061349884,2.0
2013-06-18 20:30:00,,,2.0
2013-06-18 21:00:00,,,2.0
2013-06-18 21:30:00,0.61131566,2.27808418319,2.0
2013-06-18 22:00:00,0.78829915,2.06364482545,2.0
2013-06-18 22:30:00,0.76996609,2.24327759215,2.0
2013-06-18 23:00:00,1.3069895,2.42227399968,2.0
2013-06-18 23:30:00,,,2.0
2013-06-19 00:00:00,,,2.0
2013-06-19 00:30:00,,,2.0
2013-06-19 01:00:00,,,2.0
2013-06-19 01:30:00,,,2.0
2013-06-19 02:00:00,0.73925997,3.55417137834,2.0
2013-06-19 02:30:00,,,2.0
2013-06-19 03:00:00,,,2.0
2013-06-19 03:30:00,,,2.0
2013-06-19 04:00:00,,,2.0
2013-06-19 04:30:00,,,2.0
2013-06-19 05:00:00,,,2.0
2013-06-19 05:30:00,,,2.0
2013-06-19 06:00:00,0.56415796,3.0281180763,2.0
2013-06-19 06:30:00,,,2.0
2013-06-19 07:00:00,-0.25598167,1.87433308525,1.3259330054
2013-06-19 07:30:00,-0.53366814,1.21320171426,1.09640432427
2013-06-19 08:00:00,-0.1971546,1.79204893822,1.40686696125
2013-06-19 08:30:00,-0.20942759,1.68910835087,1.38833456309
2013-06-19 09:00:00,-0.10060502,2.0431823125,1.59928447124
2013-06-19 09:30:00,-0.087867003,1.9777905208,1.6336991878
2013-06-19 10:00:00,-0.14553187,2.09630710385,1.49743904573
2013-06-19 10:30:00,-0.1440797,1.7343496709,1.50034044315
2013-06-19 11:00:00,-0.1159893,2.4010392249,1.56132300666
2013-06-19 11:30:00,-0.15347564,4.00624688343,1.48195474582
2013-06-19 12:00:00,-0.11100805,2.54572623286,1.5732191539
2013-06-19 12:30:00,-0.038147684,17.6926854215,1.80410356813
2013-06-19 13:00:00,-0.11942016,2.01662223274,1.55333520194
2013-06-19 13:30:00,-0.24218822,1.60890447101,1.34325185131
2013-06-19 14:00:00,-0.11523815,3.61253046043,1.56309390858
2013-06-19 14:30:00,-0.20277702,1.92781883727,1.39825486392
2013-06-19 15:00:00,-0.19483062,1.99730023992,1.41048930322
2013-06-19 15:30:00,,,2.0
2013-06-19 16:00:00,,,2.0
2013-06-19 16:30:00,,,2.0
2013-06-19 17:00:00,,,2.0
2013-06-19 17:30:00,,,2.0
2013-06-19 18:00:00,,,2.0
2013-06-19 18:30:00,,,2.0
2013-06-19 19:00:00,,,2.0
2013-06-19 19:30:00,,,2.0
2013-06-19 20:00:00,,,2.0
2013-06-19 20:30:00,,,2.0
2013-06-19 21:00:00,,,2.0
2013-06-19 21:30:00,,,2.0
2013-06-19 22:00:00,,,2.0
2013-06-19 22:30:00,,,2.0
2013-06-19 23:00:00,,,2.0
2013-06-19 23:30:00,,,2.0
2013-06-20 00:00:00,,,2.0
2013-06-20 00:30:00,1.0656916,2.10813395752,2.0
2013-06-20 01:00:00,0.86323631,2.50254488596,2.0
2013-06-20 01:30:00,0.53185049,2.16327515126,2.0
2013-06-20 02:00:00,0.79461036,2.14538048118,2.0
2013-06-20 02:30:00,,,2.0
2013-06-20 03:00:00,,,2.0
2013-06-20 03:30:00,,,2.0
2013-06-20 04:00:00,,,2.0
2013-06-20 04:30:00,,,2.0
2013-06-20 05:00:00,0.45651693,9.92412427585,2.0
2013-06-20 05:30:00,,,2.0
2013-06-20 06:00:00,,,2.0
2013-06-20 06:30:00,,,2.0
2013-06-20 07:00:00,-0.53847646,2.13849718625,1.09366768809
2013-06-20 07:30:00,,,2.0
2013-06-20 08:00:00,-1.1986011,1.00268318702,0.864393184159
2013-06-20 08:30:00,-0.35105781,1.32774526214,1.22658783242
2013-06-20 09:00:00,-0.18904524,1.69733726431,1.41967164746
2013-06-20 09:30:00,-0.13888523,1.82223143686,1.51090621243
2013-06-20 10:00:00,-0.12975902,1.95251927677,1.53021520052
2013-06-20 10:30:00,-0.12551279,2.07283068709,1.53954343483
2013-06-20 11:00:00,-0.094041444,4.41922481666,1.61665128468
2013-06-20 11:30:00,-0.2595452,2.054631037,1.32160153388
2013-06-20 12:00:00,-0.1141984,2.43115045418,1.565558527
2013-06-20 12:30:00,-0.16747529,1.61084679644,1.45615187023
2013-06-20 13:00:00,-0.12990467,5.60418956705,1.52989922494
2013-06-20 13:30:00,-0.17675614,1.73988380201,1.44000008661
2013-06-20 14:00:00,-0.20952169,3.08092969165,1.38819620901
2013-06-20 14:30:00,-0.13256995,3.39666740236,1.52416279724
2013-06-20 15:00:00,,,2.0
2013-06-20 15:30:00,,,2.0
2013-06-20 16:00:00,,,2.0
2013-06-20 16:30:00,,,2.0
2013-06-20 17:00:00,,,2.0
2013-06-20 17:30:00,,,2.0
2013-06-20 18:00:00,,,2.0
2013-06-20 18:30:00,,,2.0
2013-06-20 19:00:00,,,2.0
2013-06-20 19:30:00,1.0943964,2.12676502254,2.0
2013-06-20 20:00:00,0.64779889,2.23316053075,2.0
2013-06-20 20:30:00,0.90246293,2.58918164243,2.0
2013-06-20 21:00:00,1.259041,2.06130756684,2.0
2013-06-20 21:30:00,,,2.0
2013-06-20 22:00:00,,,2.0
2013-06-20 22:30:00,,,2.0
2013-06-20 23:00:00,,,2.0
2013-06-20 23:30:00,1.284118,2.44059252023,2.0
2013-06-21 00:00:00,0.66516569,3.11053121479,2.0
2013-06-21 00:30:00,0.37202005,4.33515495236,2.0
2013-06-21 01:00:00,0.32776808,3.35790623465,2.0
2013-06-21 01:30:00,,,2.0
2013-06-21 02:00:00,0.95616648,3.34656526808,2.0
2013-06-21 02:30:00,1.0644979,3.46420047645,2.0
2013-06-21 03:00:00,1.1652653,3.38055533992,2.0
2013-06-21 03:30:00,,,2.0
2013-06-21 04:00:00,,,2.0
2013-06-21 04:30:00,,,2.0
2013-06-21 05:00:00,,,2.0
2013-06-21 05:30:00,,,2.0
2013-06-21 06:00:00,,,2.0
2013-06-21 06:30:00,,,2.0
2013-06-21 07:00:00,-0.57964471,2.298428879,1.0713007497
2013-06-21 07:30:00,-1.2231601,1.22250643598,0.859033242654
2013-06-21 08:00:00,-0.3836514,2.24966844839,1.19870174506
2013-06-21 08:30:00,-0.3202804,1.49644644892,1.25547322118
2013-06-21 09:00:00,-0.61950894,1.51459105034,1.05128783427
2013-06-21 09:30:00,-0.27202046,1.46507500836,1.30687127181
2013-06-21 10:00:00,-0.1047258,2.14672201141,1.58875394202
2013-06-21 10:30:00,-0.11015865,1.78908223085,1.57528415664
2013-06-21 11:00:00,-0.084403038,8.15106895382,1.64358492531
2013-06-21 11:30:00,-0.095274576,6.58902086272,1.61333080463
2013-06-21 12:00:00,-0.13205435,1.9308978003,1.52526580605
2013-06-21 12:30:00,-0.10973294,2.44711250938,1.57632320198
2013-06-21 13:00:00,-0.24479156,2.06148936778,1.33991366259
2013-06-21 13:30:00,-0.21389816,2.08403826429,1.38182181287
2013-06-21 14:00:00,-0.33049732,1.51347680934,1.24558350325
2013-06-21 14:30:00,-0.8938208,1.59162714095,0.944614915214
2013-06-21 15:00:00,,,2.0
2013-06-21 15:30:00,,,2.0
2013-06-21 16:00:00,,,2.0
2013-06-21 16:30:00,-0.33620456,3.39117955946,1.24019262209
2013-06-21 17:00:00,,,2.0
2013-06-21 17:30:00,,,2.0
2013-06-21 18:00:00,,,2.0
2013-06-21 18:30:00,,,2.0
2013-06-21 19:00:00,1.247132,2.68234378143,2.0
2013-06-21 19:30:00,0.61007077,2.32550793783,2.0
2013-06-21 20:00:00,0.40015152,2.56898135642,2.0
2013-06-21 20:30:00,,,2.0
2013-06-21 21:00:00,0.65353328,2.24804948379,2.0
2013-06-21 21:30:00,0.31695378,2.06867337522,2.0
2013-06-21 22:00:00,,,2.0
2013-06-21 22:30:00,0.38119416,3.13319238906,2.0
2013-06-21 23:00:00,0.47975348,4.02876098111,2.0
2013-06-21 23:30:00,0.50399917,2.42554536743,2.0
2013-06-22 00:00:00,0.60795247,3.35213330794,2.0
2013-06-22 00:30:00,0.66044116,2.37361393146,2.0
2013-06-22 01:00:00,0.18719602,4.16390512161,2.0
2013-06-22 01:30:00,,,2.0
2013-06-22 02:00:00,,,2.0
2013-06-22 02:30:00,,,2.0
2013-06-22 03:00:00,,,2.0
2013-06-22 03:30:00,,,2.0
2013-06-22 04:00:00,,,2.0
2013-06-22 04:30:00,,,2.0
2013-06-22 05:00:00,,,2.0
2013-06-22 05:30:00,,,2.0
2013-06-22 06:00:00,,,2.0
2013-06-22 06:30:00,,,2.0
2013-06-22 07:00:00,-0.8038874,1.24857072979,0.974788037016
2013-06-22 07:30:00,-0.55514835,1.41527443099,1.08438603612
2013-06-22 08:00:00,-0.18333583,1.93566877059,1.42897246145
2013-06-22 08:30:00,-0.15296349,1.60476171407,1.48293383649
2013-06-22 09:00:00,-0.11435903,1.84751492927,1.5651767547
2013-06-22 09:30:00,-0.078792565,2.73973364207,1.66011823017
2013-06-22 10:00:00,-0.089523358,1.92341474304,1.62905531344
2013-06-22 10:30:00,-0.083953205,1.89608371341,1.64488635191
2013-06-22 11:00:00,-0.14457036,1.7111519204,1.49935760266
2013-06-22 11:30:00,-0.27746468,1.99094951857,1.30064500246
2013-06-22 12:00:00,-0.093717456,8.76998403847,1.61752824046
2013-06-22 12:30:00,-0.12388554,3.39843378038,1.54317908753
2013-06-22 13:00:00,,,2.0
2013-06-22 13:30:00,,,2.0
2013-06-22 14:00:00,-0.4756202,3.77931053906,1.13177253121
2013-06-22 14:30:00,-0.75653685,1.76894845407,0.992323544879
2013-06-22 15:00:00,-1.8589522,1.13674330508,0.754036599892
2013-06-22 15:30:00,,,2.0
2013-06-22 16:00:00,,,2.0
2013-06-22 16:30:00,,,2.0
2013-06-22 17:00:00,,,2.0
2013-06-22 17:30:00,,,2.0
2013-06-22 18:00:00,,,2.0
2013-06-22 18:30:00,,,2.0
2013-06-22 19:00:00,,,2.0
2013-06-22 19:30:00,,,2.0
