,zeta_46m,phi_q,phi_q*
2013-05-16 20:00:00,,,2.0
2013-05-16 20:30:00,,,2.0
2013-05-16 21:00:00,,,2.0
2013-05-16 21:30:00,0.14312241,10.3977304199,2.0
2013-05-16 22:00:00,,,2.0
2013-05-16 22:30:00,0.085242708,3.87723068654,2.0
2013-05-16 23:00:00,0.056289919,5.1216943419,2.0
2013-05-16 23:30:00,,,2.0
2013-05-17 00:00:00,,,2.0
2013-05-17 00:30:00,,,2.0
2013-05-17 01:00:00,,,2.0
2013-05-17 01:30:00,0.1569253,4.19010291253,2.0
2013-05-17 02:00:00,0.38522583,13.4219275355,2.0
2013-05-17 02:30:00,,,2.0
2013-05-17 03:00:00,0.15442666,5.50502693467,2.0
2013-05-17 03:30:00,0.24080614,11.3702664783,2.0
2013-05-17 04:00:00,,,2.0
2013-05-17 04:30:00,0.14663922,2.3289948854,2.0
2013-05-17 05:00:00,0.1333926,1.97542222162,2.0
2013-05-17 05:30:00,0.19749902,2.40175970929,2.0
2013-05-17 06:00:00,,,2.0
2013-05-17 06:30:00,,,2.0
2013-05-17 07:00:00,,,2.0
2013-05-17 07:30:00,,,2.0
2013-05-17 08:00:00,,,2.0
2013-05-17 08:30:00,,,2.0
2013-05-17 09:00:00,,,2.0
2013-05-17 09:30:00,,,2.0
2013-05-17 10:00:00,,,2.0
2013-05-17 10:30:00,-0.28732655,3.99346328829,1.28966176364
2013-05-17 11:00:00,-0.33952954,1.85346853322,1.23709459933
2013-05-17 11:30:00,-0.14135434,1.95030607975,1.50584694252
2013-05-17 12:00:00,-0.13746949,1.81865358724,1.51383797725
2013-05-17 12:30:00,-0.31200165,1.6644052045,1.26372198585
2013-05-17 13:00:00,-0.11380744,2.12028806759,1.56648928786
2013-05-17 13:30:00,,,2.0
2013-05-17 14:00:00,,,2.0
2013-05-17 14:30:00,,,2.0
2013-05-17 15:00:00,,,2.0
2013-05-17 15:30:00,,,2.0
2013-05-17 16:00:00,,,2.0
2013-05-17 16:30:00,0.03829262,2.60353151404,2.0
2013-05-17 17:00:00,0.08070109,2.25532650918,2.0
2013-05-17 17:30:00,,,2.0
2013-05-17 18:00:00,0.47255084,3.50924655557,2.0
2013-05-17 18:30:00,,,2.0
2013-05-17 19:00:00,,,2.0
2013-05-17 19:30:00,,,2.0
2013-05-17 20:00:00,,,2.0
2013-05-17 20:30:00,,,2.0
2013-05-17 21:00:00,,,2.0
2013-05-17 21:30:00,,,2.0
2013-05-17 22:00:00,,,2.0
2013-05-17 22:30:00,,,2.0
2013-05-17 23:00:00,,,2.0
2013-05-17 23:30:00,,,2.0
2013-05-18 00:00:00,,,2.0
2013-05-18 00:30:00,,,2.0
2013-05-18 01:00:00,,,2.0
2013-05-18 01:30:00,,,2.0
2013-05-18 02:00:00,,,2.0
2013-05-18 02:30:00,,,2.0
2013-05-18 03:00:00,,,2.0
2013-05-18 03:30:00,,,2.0
2013-05-18 04:00:00,,,2.0
2013-05-18 04:30:00,,,2.0
2013-05-18 05:00:00,1.2505006,23.3001981987,2.0
2013-05-18 05:30:00,,,2.0
2013-05-18 06:00:00,0.2441673,3.23314411906,2.0
2013-05-18 06:30:00,0.70251226,4.07616765651,2.0
2013-05-18 07:00:00,,,2.0
2013-05-18 07:30:00,0.035401253,1.99161823648,2.0
2013-05-18 08:00:00,-0.033670844,20.0138423661,1.82327682601
2013-05-18 08:30:00,-0.022332252,5.3812483615,1.87575930754
2013-05-18 09:00:00,-0.10925562,1.95574286111,1.57749148078
2013-05-18 09:30:00,-0.094191464,2.88484756615,1.61624586104
2013-05-18 10:00:00,-0.17557468,1.91044033572,1.44201657928
2013-05-18 10:30:00,-0.43218325,1.40398679074,1.16147644253
2013-05-18 11:00:00,-0.66051037,2.85586981702,1.03217977297
2013-05-18 11:30:00,,,2.0
2013-05-18 12:00:00,,,2.0
2013-05-18 12:30:00,,,2.0
2013-05-18 13:00:00,,,2.0
2013-05-18 13:30:00,,,2.0
2013-05-18 14:00:00,,,2.0
2013-05-18 14:30:00,,,2.0
2013-05-18 15:00:00,,,2.0
2013-05-18 15:30:00,,,2.0
2013-05-18 16:00:00,,,2.0
2013-05-18 16:30:00,,,2.0
2013-05-18 17:00:00,,,2.0
2013-05-18 17:30:00,0.13837147,13.2243750998,2.0
2013-05-18 18:00:00,,,2.0
2013-05-18 18:30:00,,,2.0
2013-05-18 19:00:00,,,2.0
2013-05-18 19:30:00,,,2.0
2013-05-18 20:00:00,,,2.0
2013-05-18 20:30:00,,,2.0
2013-05-18 21:00:00,,,2.0
2013-05-18 21:30:00,,,2.0
2013-05-18 22:00:00,,,2.0
2013-05-18 22:30:00,,,2.0
2013-05-18 23:00:00,,,2.0
2013-05-18 23:30:00,,,2.0
2013-05-19 00:00:00,,,2.0
2013-05-19 00:30:00,,,2.0
2013-05-19 01:00:00,,,2.0
2013-05-19 01:30:00,,,2.0
2013-05-19 02:00:00,,,2.0
2013-05-19 02:30:00,,,2.0
2013-05-19 03:00:00,,,2.0
2013-05-19 03:30:00,,,2.0
2013-05-19 04:00:00,,,2.0
2013-05-19 04:30:00,,,2.0
2013-05-19 05:00:00,,,2.0
2013-05-19 05:30:00,,,2.0
2013-05-19 06:00:00,,,2.0
2013-05-19 06:30:00,,,2.0
2013-05-19 07:00:00,,,2.0
2013-05-19 07:30:00,,,2.0
2013-05-19 08:00:00,,,2.0
2013-05-19 08:30:00,-4.5522215,0.82550595753,0.565464028544
2013-05-19 09:00:00,-3.1537816,0.901808713832,0.636930460364
2013-05-19 09:30:00,-0.59680115,1.35078855596,1.06250217816
2013-05-19 10:00:00,-0.58387696,1.39118228008,1.06910316756
2013-05-19 10:30:00,-0.59246211,1.35500851819,1.06470013762
2013-05-19 11:00:00,-1.837353,1.15893106289,0.756820920055
2013-05-19 11:30:00,,,2.0
2013-05-19 12:00:00,,,2.0
2013-05-19 12:30:00,,,2.0
2013-05-19 13:00:00,0.017061708,3.66731933835,2.0
2013-05-19 13:30:00,-0.31531398,1.55448423446,1.2603956825
2013-05-19 14:00:00,-0.35061377,2.65406111861,1.2269859496
2013-05-19 14:30:00,-0.21976373,2.25882808774,1.37345899317
2013-05-19 15:00:00,0.00080273778,3.07880659266,2.0
2013-05-19 15:30:00,-0.16654974,2.42273748637,1.45780277854
2013-05-19 16:00:00,,,2.0
2013-05-19 16:30:00,,,2.0
2013-05-19 17:00:00,,,2.0
2013-05-19 17:30:00,,,2.0
2013-05-19 18:00:00,,,2.0
2013-05-19 18:30:00,,,2.0
2013-05-19 19:00:00,,,2.0
2013-05-19 19:30:00,,,2.0
2013-05-19 20:00:00,,,2.0
2013-05-19 20:30:00,,,2.0
2013-05-19 21:00:00,,,2.0
2013-05-19 21:30:00,,,2.0
2013-05-19 22:00:00,0.11861372,8.23047657213,2.0
2013-05-19 22:30:00,0.073865822,112.523572791,2.0
2013-05-19 23:00:00,0.22529303,14.9554747515,2.0
2013-05-19 23:30:00,,,2.0
2013-05-20 00:00:00,,,2.0
2013-05-20 00:30:00,0.52466121,4.24333902211,2.0
2013-05-20 01:00:00,0.15634153,6.13555641895,2.0
2013-05-20 01:30:00,0.36605434,2.6247008982,2.0
2013-05-20 02:00:00,,,2.0
2013-05-20 02:30:00,,,2.0
2013-05-20 03:00:00,,,2.0
2013-05-20 03:30:00,,,2.0
2013-05-20 04:00:00,,,2.0
2013-05-20 04:30:00,,,2.0
2013-05-20 05:00:00,,,2.0
2013-05-20 05:30:00,,,2.0
2013-05-20 06:00:00,,,2.0
2013-05-20 06:30:00,,,2.0
2013-05-20 07:00:00,,,2.0
2013-05-20 07:30:00,,,2.0
2013-05-20 08:00:00,-3.7065637,1.0052934122,0.604520554432
2013-05-20 08:30:00,-1.1310243,1.18420646265,0.879864183801
2013-05-20 09:00:00,-0.22924237,1.65482585208,1.36036158934
2013-05-20 09:30:00,-0.3960746,1.62740348322,1.18871749845
2013-05-20 10:00:00,,,2.0
2013-05-20 10:30:00,,,2.0
2013-05-20 11:00:00,,,2.0
2013-05-20 11:30:00,,,2.0
2013-05-20 12:00:00,-0.48180212,1.60325617212,1.12778590457
2013-05-20 12:30:00,-0.1030195,2.08603220324,1.59308062903
2013-05-20 13:00:00,-0.39936358,1.90779351099,1.18612931949
2013-05-20 13:30:00,-0.21912216,1.92832842705,1.37436387362
2013-05-20 14:00:00,-0.42803035,1.59871453641,1.16448356008
2013-05-20 14:30:00,-0.41644612,1.87921023204,1.17303942097
2013-05-20 15:00:00,-0.14912824,2.56104068622,1.49034902102
2013-05-20 15:30:00,-0.07503733,2.28399680424,1.67156457976
2013-05-20 16:00:00,-0.20856698,1.74483366133,1.38960247201
2013-05-20 16:30:00,,,2.0
2013-05-20 17:00:00,,,2.0
2013-05-20 17:30:00,,,2.0
2013-05-20 18:00:00,,,2.0
2013-05-20 18:30:00,,,2.0
2013-05-20 19:00:00,0.36843918,2.71417411663,2.0
2013-05-20 19:30:00,0.22417408,2.38753612905,2.0
2013-05-20 20:00:00,0.28042247,4.5352034224,2.0
2013-05-20 20:30:00,0.24811371,2.46026104701,2.0
2013-05-20 21:00:00,0.35765863,3.14557616059,2.0
2013-05-20 21:30:00,0.48794868,2.78907479201,2.0
2013-05-20 22:00:00,0.43383754,2.61749704447,2.0
2013-05-20 22:30:00,0.45415048,2.25697248441,2.0
2013-05-20 23:00:00,,,2.0
2013-05-20 23:30:00,0.4707415,4.64446520084,2.0
2013-05-21 00:00:00,,,2.0
2013-05-21 00:30:00,,,2.0
2013-05-21 01:00:00,,,2.0
2013-05-21 01:30:00,,,2.0
2013-05-21 02:00:00,,,2.0
2013-05-21 02:30:00,,,2.0
2013-05-21 03:00:00,,,2.0
2013-05-21 03:30:00,,,2.0
2013-05-21 04:00:00,,,2.0
2013-05-21 04:30:00,,,2.0
2013-05-21 05:00:00,,,2.0
2013-05-21 05:30:00,,,2.0
2013-05-21 06:00:00,,,2.0
2013-05-21 06:30:00,-0.32894481,1.60524323453,1.24706626482
2013-05-21 07:00:00,-0.46423292,1.48061210228,1.13926620505
2013-05-21 07:30:00,-0.36998198,1.55279754072,1.21008599071
2013-05-21 08:00:00,-0.42603071,1.3419355071,1.16594266009
2013-05-21 08:30:00,-0.13587843,1.81544824635,1.51716013202
2013-05-21 09:00:00,-0.14485671,2.0558991788,1.49878520378
2013-05-21 09:30:00,-0.10904027,2.20316077758,1.57801970232
2013-05-21 10:00:00,-0.14438459,1.77489324411,1.49972941535
2013-05-21 10:30:00,-0.10452396,2.21340592116,1.58926330171
2013-05-21 11:00:00,-0.18304063,2.03516857504,1.42946001288
2013-05-21 11:30:00,-0.054109127,2.1468456264,1.74174481973
2013-05-21 12:00:00,-0.053261068,2.27274844382,1.74484524205
2013-05-21 12:30:00,-0.1185579,2.70213329292,1.5553273626
2013-05-21 13:00:00,-0.18832951,2.49437547302,1.42082435223
2013-05-21 13:30:00,-0.099552162,3.41391542238,1.60202017549
2013-05-21 14:00:00,-0.33277846,1.53739421025,1.24341757749
2013-05-21 14:30:00,,,2.0
2013-05-21 15:00:00,,,2.0
2013-05-21 15:30:00,,,2.0
2013-05-21 16:00:00,,,2.0
2013-05-21 16:30:00,0.26220332,2.14628625205,2.0
2013-05-21 17:00:00,0.26023556,3.43876604136,2.0
2013-05-21 17:30:00,0.15712479,2.54041444904,2.0
2013-05-21 18:00:00,,,2.0
2013-05-21 18:30:00,0.095125779,3.30463763858,2.0
2013-05-21 19:00:00,0.27292089,3.76176939284,2.0
2013-05-21 19:30:00,,,2.0
2013-05-21 20:00:00,0.30798585,2.41513626676,2.0
2013-05-21 20:30:00,0.30774016,3.995948857,2.0
2013-05-21 21:00:00,0.34293075,5.83169623253,2.0
2013-05-21 21:30:00,0.47214293,4.33979775767,2.0
2013-05-21 22:00:00,,,2.0
2013-05-21 22:30:00,,,2.0
2013-05-21 23:00:00,,,2.0
2013-05-21 23:30:00,,,2.0
2013-05-22 00:00:00,,,2.0
2013-05-22 00:30:00,,,2.0
2013-05-22 01:00:00,0.43980133,4.96633881725,2.0
2013-05-22 01:30:00,0.43910593,6.39711774112,2.0
2013-05-22 02:00:00,0.17458392,18.2353723546,2.0
2013-05-22 02:30:00,0.45954287,27.9832096685,2.0
2013-05-22 03:00:00,0.41046823,4.10874798931,2.0
2013-05-22 03:30:00,0.13862128,23.734585723,2.0
2013-05-22 04:00:00,0.22765276,6.56665484113,2.0
2013-05-22 04:30:00,,,2.0
2013-05-22 05:00:00,,,2.0
2013-05-22 05:30:00,,,2.0
2013-05-22 06:00:00,,,2.0
2013-05-22 06:30:00,,,2.0
2013-05-22 07:00:00,-0.3741088,1.69606453849,1.20660351317
2013-05-22 07:30:00,-0.15727104,1.75701059428,1.47477861982
2013-05-22 08:00:00,-0.10172317,2.10934483128,1.59639946638
2013-05-22 08:30:00,-0.10876101,2.24513372559,1.57870574051
2013-05-22 09:00:00,-0.092441737,2.21441619783,1.62099989448
2013-05-22 09:30:00,-0.13010588,2.09622402775,1.52946314552
2013-05-22 10:00:00,-0.186404,1.87838659402,1.42394413339
2013-05-22 10:30:00,-0.50033505,1.49297602471,1.11616208744
2013-05-22 11:00:00,-0.31524874,1.78741508218,1.26046086018
2013-05-22 11:30:00,-1.0793231,1.12349761805,0.892482886445
2013-05-22 12:00:00,-0.94338025,1.22432607278,0.9294931286
2013-05-22 12:30:00,-0.2034962,1.89364151674,1.39716838813
2013-05-22 13:00:00,,,2.0
2013-05-22 13:30:00,,,2.0
2013-05-22 14:00:00,,,2.0
2013-05-22 14:30:00,,,2.0
2013-05-22 15:00:00,,,2.0
2013-05-22 15:30:00,,,2.0
2013-05-22 16:00:00,,,2.0
2013-05-22 16:30:00,,,2.0
2013-05-22 17:00:00,,,2.0
2013-05-22 17:30:00,,,2.0
2013-05-22 18:00:00,,,2.0
2013-05-22 18:30:00,,,2.0
2013-05-22 19:00:00,,,2.0
2013-05-22 19:30:00,,,2.0
2013-05-22 20:00:00,,,2.0
2013-05-22 20:30:00,,,2.0
2013-05-22 21:00:00,,,2.0
2013-05-22 21:30:00,,,2.0
2013-05-22 22:00:00,,,2.0
2013-05-22 22:30:00,,,2.0
2013-05-22 23:00:00,,,2.0
2013-05-22 23:30:00,,,2.0
2013-05-23 00:00:00,,,2.0
2013-05-23 00:30:00,,,2.0
2013-05-23 01:00:00,0.42938721,277.712486597,2.0
2013-05-23 01:30:00,,,2.0
2013-05-23 02:00:00,0.14188832,13.4736111468,2.0
2013-05-23 02:30:00,0.10003761,14.874840321,2.0
2013-05-23 03:00:00,,,2.0
2013-05-23 03:30:00,,,2.0
2013-05-23 04:00:00,,,2.0
2013-05-23 04:30:00,,,2.0
2013-05-23 05:00:00,,,2.0
2013-05-23 05:30:00,,,2.0
2013-05-23 06:00:00,,,2.0
2013-05-23 06:30:00,,,2.0
2013-05-23 07:00:00,0.015049453,2.34072520143,2.0
2013-05-23 07:30:00,,,2.0
2013-05-23 08:00:00,,,2.0
2013-05-23 08:30:00,,,2.0
2013-05-23 09:00:00,,,2.0
2013-05-23 09:30:00,,,2.0
2013-05-23 10:00:00,,,2.0
2013-05-23 10:30:00,,,2.0
2013-05-23 11:00:00,,,2.0
2013-05-23 11:30:00,,,2.0
2013-05-23 12:00:00,,,2.0
2013-05-23 12:30:00,,,2.0
2013-05-23 13:00:00,,,2.0
2013-05-23 13:30:00,,,2.0
2013-05-23 14:00:00,,,2.0
2013-05-23 14:30:00,-1.0322883,1.68482993352,0.904617760596
2013-05-23 15:00:00,,,2.0
2013-05-23 15:30:00,,,2.0
2013-05-23 16:00:00,,,2.0
2013-05-23 16:30:00,,,2.0
2013-05-23 17:00:00,,,2.0
2013-05-23 17:30:00,,,2.0
2013-05-23 18:00:00,,,2.0
2013-05-23 18:30:00,,,2.0
2013-05-23 19:00:00,0.23025678,3.98209343509,2.0
2013-05-23 19:30:00,,,2.0
2013-05-23 20:00:00,,,2.0
2013-05-23 20:30:00,,,2.0
2013-05-23 21:00:00,,,2.0
2013-05-23 21:30:00,,,2.0
2013-05-23 22:00:00,,,2.0
2013-05-23 22:30:00,,,2.0
2013-05-23 23:00:00,,,2.0
2013-05-23 23:30:00,,,2.0
2013-05-24 00:00:00,,,2.0
2013-05-24 00:30:00,,,2.0
2013-05-24 01:00:00,,,2.0
2013-05-24 01:30:00,,,2.0
2013-05-24 02:00:00,,,2.0
2013-05-24 02:30:00,,,2.0
2013-05-24 03:00:00,,,2.0
2013-05-24 03:30:00,,,2.0
2013-05-24 04:00:00,,,2.0
2013-05-24 04:30:00,,,2.0
2013-05-24 05:00:00,,,2.0
2013-05-24 05:30:00,,,2.0
2013-05-24 06:00:00,,,2.0
2013-05-24 06:30:00,0.28564059,1.65952491854,2.0
2013-05-24 07:00:00,,,2.0
2013-05-24 07:30:00,,,2.0
2013-05-24 08:00:00,,,2.0
2013-05-24 08:30:00,,,2.0
2013-05-24 09:00:00,,,2.0
2013-05-24 09:30:00,,,2.0
2013-05-24 10:00:00,,,2.0
2013-05-24 10:30:00,,,2.0
2013-05-24 11:00:00,,,2.0
2013-05-24 11:30:00,-0.22131388,61.9446883282,1.37128243167
2013-05-24 12:00:00,-0.18797041,4.79813076072,1.42140410611
2013-05-24 12:30:00,,,2.0
2013-05-24 13:00:00,,,2.0
2013-05-24 13:30:00,-0.83923535,1.47156397372,0.96247258626
2013-05-24 14:00:00,,,2.0
2013-05-24 14:30:00,,,2.0
2013-05-24 15:00:00,,,2.0
2013-05-24 15:30:00,,,2.0
2013-05-24 16:00:00,,,2.0
2013-05-24 16:30:00,,,2.0
2013-05-24 17:00:00,,,2.0
2013-05-24 17:30:00,,,2.0
2013-05-24 18:00:00,,,2.0
2013-05-24 18:30:00,,,2.0
2013-05-24 19:00:00,,,2.0
2013-05-24 19:30:00,,,2.0
2013-05-24 20:00:00,,,2.0
2013-05-24 20:30:00,,,2.0
2013-05-24 21:00:00,,,2.0
2013-05-24 21:30:00,,,2.0
2013-05-24 22:00:00,,,2.0
2013-05-24 22:30:00,,,2.0
2013-05-24 23:00:00,,,2.0
2013-05-24 23:30:00,,,2.0
2013-05-25 00:00:00,,,2.0
2013-05-25 00:30:00,,,2.0
2013-05-25 01:00:00,,,2.0
2013-05-25 01:30:00,,,2.0
2013-05-25 02:00:00,,,2.0
2013-05-25 02:30:00,,,2.0
2013-05-25 03:00:00,,,2.0
2013-05-25 03:30:00,,,2.0
2013-05-25 04:00:00,,,2.0
2013-05-25 04:30:00,,,2.0
2013-05-25 05:00:00,,,2.0
2013-05-25 05:30:00,0.13708425,56.5636639202,2.0
2013-05-25 06:00:00,,,2.0
2013-05-25 06:30:00,,,2.0
2013-05-25 07:00:00,,,2.0
2013-05-25 07:30:00,-0.8293245,1.2231864028,0.965862815829
2013-05-25 08:00:00,-0.60773334,1.4295203521,1.05704382863
2013-05-25 08:30:00,,,2.0
2013-05-25 09:00:00,,,2.0
2013-05-25 09:30:00,-0.50112267,1.35316826401,1.11567862601
2013-05-25 10:00:00,-0.2900541,1.36428623139,1.28668884494
2013-05-25 10:30:00,-0.33982223,1.62597959403,1.23682336701
2013-05-25 11:00:00,,,2.0
2013-05-25 11:30:00,,,2.0
2013-05-25 12:00:00,,,2.0
2013-05-25 12:30:00,,,2.0
2013-05-25 13:00:00,,,2.0
2013-05-25 13:30:00,,,2.0
2013-05-25 14:00:00,,,2.0
2013-05-25 14:30:00,-0.66117667,1.63164883485,1.03188057977
2013-05-25 15:00:00,-0.48897161,1.8970301038,1.12323193144
2013-05-25 15:30:00,-1.7143943,1.06984086263,0.773497498132
2013-05-25 16:00:00,,,2.0
2013-05-25 16:30:00,,,2.0
2013-05-25 17:00:00,,,2.0
2013-05-25 17:30:00,,,2.0
2013-05-25 18:00:00,,,2.0
2013-05-25 18:30:00,,,2.0
2013-05-25 19:00:00,,,2.0
2013-05-25 19:30:00,,,2.0
2013-05-25 20:00:00,,,2.0
2013-05-25 20:30:00,,,2.0
2013-05-25 21:00:00,,,2.0
2013-05-25 21:30:00,,,2.0
2013-05-25 22:00:00,,,2.0
2013-05-25 22:30:00,,,2.0
2013-05-25 23:00:00,,,2.0
2013-05-25 23:30:00,0.76371572,2.38469546887,2.0
2013-05-26 00:00:00,0.41925665,2.64346811081,2.0
2013-05-26 00:30:00,,,2.0
2013-05-26 01:00:00,,,2.0
2013-05-26 01:30:00,,,2.0
2013-05-26 02:00:00,,,2.0
2013-05-26 02:30:00,,,2.0
2013-05-26 03:00:00,,,2.0
2013-05-26 03:30:00,,,2.0
2013-05-26 04:00:00,,,2.0
2013-05-26 04:30:00,,,2.0
2013-05-26 05:00:00,,,2.0
2013-05-26 05:30:00,,,2.0
2013-05-26 06:00:00,,,2.0
2013-05-26 06:30:00,,,2.0
2013-05-26 07:00:00,,,2.0
2013-05-26 07:30:00,,,2.0
2013-05-26 08:00:00,,,2.0
2013-05-26 08:30:00,-1.2690443,1.66855381289,0.849364605994
2013-05-26 09:00:00,,,2.0
2013-05-26 09:30:00,,,2.0
2013-05-26 10:00:00,,,2.0
2013-05-26 10:30:00,-0.47268215,1.37464851147,1.13368712153
2013-05-26 11:00:00,-0.45496001,1.40979869091,1.14551761597
2013-05-26 11:30:00,,,2.0
2013-05-26 12:00:00,,,2.0
2013-05-26 12:30:00,,,2.0
2013-05-26 13:00:00,,,2.0
2013-05-26 13:30:00,,,2.0
2013-05-26 14:00:00,,,2.0
2013-05-26 14:30:00,,,2.0
2013-05-26 15:00:00,,,2.0
2013-05-26 15:30:00,,,2.0
2013-05-26 16:00:00,,,2.0
2013-05-26 16:30:00,,,2.0
2013-05-26 17:00:00,,,2.0
2013-05-26 17:30:00,0.098845546,7.06575867788,2.0
2013-05-26 18:00:00,0.21149413,4.49813833546,2.0
2013-05-26 18:30:00,,,2.0
2013-05-26 19:00:00,,,2.0
2013-05-26 19:30:00,,,2.0
2013-05-26 20:00:00,,,2.0
2013-05-26 20:30:00,,,2.0
2013-05-26 21:00:00,,,2.0
2013-05-26 21:30:00,0.48185057,66.1277894864,2.0
2013-05-26 22:00:00,0.87155526,3.01017296735,2.0
2013-05-26 22:30:00,,,2.0
2013-05-26 23:00:00,,,2.0
2013-05-26 23:30:00,,,2.0
2013-05-27 00:00:00,0.27816529,21.7080410633,2.0
2013-05-27 00:30:00,0.50800996,13.8973558694,2.0
2013-05-27 01:00:00,,,2.0
2013-05-27 01:30:00,,,2.0
2013-05-27 02:00:00,,,2.0
2013-05-27 02:30:00,,,2.0
2013-05-27 03:00:00,,,2.0
2013-05-27 03:30:00,,,2.0
2013-05-27 04:00:00,,,2.0
2013-05-27 04:30:00,,,2.0
2013-05-27 05:00:00,,,2.0
2013-05-27 05:30:00,,,2.0
2013-05-27 06:00:00,,,2.0
2013-05-27 06:30:00,,,2.0
2013-05-27 07:00:00,,,2.0
2013-05-27 07:30:00,,,2.0
2013-05-27 08:00:00,,,2.0
2013-05-27 08:30:00,,,2.0
2013-05-27 09:00:00,,,2.0
2013-05-27 09:30:00,,,2.0
2013-05-27 10:00:00,,,2.0
2013-05-27 10:30:00,,,2.0
2013-05-27 11:00:00,,,2.0
2013-05-27 11:30:00,-0.43297361,3.87281942061,1.16090765059
2013-05-27 12:00:00,-0.068237496,2.06846781791,1.69312265912
2013-05-27 12:30:00,,,2.0
2013-05-27 13:00:00,-0.10594536,3.92572764343,1.58569011026
2013-05-27 13:30:00,-0.24385037,1.80586394698,1.3411166922
2013-05-27 14:00:00,,,2.0
2013-05-27 14:30:00,-0.13563771,4.94191223816,1.51766530414
2013-05-27 15:00:00,-0.56558092,2.64983462745,1.07873539906
2013-05-27 15:30:00,,,2.0
2013-05-27 16:00:00,-0.23249135,1.96809073648,1.3559855948
2013-05-27 16:30:00,,,2.0
2013-05-27 17:00:00,,,2.0
2013-05-27 17:30:00,,,2.0
2013-05-27 18:00:00,0.71284743,7.60844416781,2.0
2013-05-27 18:30:00,,,2.0
2013-05-27 19:00:00,,,2.0
2013-05-27 19:30:00,,,2.0
2013-05-27 20:00:00,,,2.0
2013-05-27 20:30:00,,,2.0
2013-05-27 21:00:00,,,2.0
2013-05-27 21:30:00,,,2.0
2013-05-27 22:00:00,,,2.0
2013-05-27 22:30:00,,,2.0
2013-05-27 23:00:00,,,2.0
2013-05-27 23:30:00,,,2.0
2013-05-28 00:00:00,,,2.0
2013-05-28 00:30:00,,,2.0
2013-05-28 01:00:00,,,2.0
2013-05-28 01:30:00,,,2.0
2013-05-28 02:00:00,,,2.0
2013-05-28 02:30:00,,,2.0
2013-05-28 03:00:00,,,2.0
2013-05-28 03:30:00,,,2.0
2013-05-28 04:00:00,,,2.0
2013-05-28 04:30:00,0.68331351,6.89264957546,2.0
2013-05-28 05:00:00,0.26936732,11.2289779961,2.0
2013-05-28 05:30:00,0.19686682,3.05271282107,2.0
2013-05-28 06:00:00,0.1798471,2.6934135789,2.0
2013-05-28 06:30:00,,,2.0
2013-05-28 07:00:00,-0.45611119,2.65220041456,1.14473406313
2013-05-28 07:30:00,-0.26205655,1.8042698928,1.31858273149
2013-05-28 08:00:00,-0.11779192,2.16780961342,1.55710568053
2013-05-28 08:30:00,-0.34970779,1.8554831789,1.2277998387
2013-05-28 09:00:00,-1.2157439,1.2593045677,0.860637795639
2013-05-28 09:30:00,,,2.0
2013-05-28 10:00:00,-0.14807353,1.83731468771,1.49241440111
2013-05-28 10:30:00,-0.14678937,2.47039856035,1.49494463206
2013-05-28 11:00:00,-0.19398175,1.86297195896,1.41182175885
2013-05-28 11:30:00,,,2.0
2013-05-28 12:00:00,-0.22937832,2.17462034863,1.36017734619
2013-05-28 12:30:00,,,2.0
2013-05-28 13:00:00,-0.12762797,2.05570283303,1.53486840335
2013-05-28 13:30:00,-0.26054923,1.5103583036,1.32039131112
2013-05-28 14:00:00,-0.13370871,1.73724538314,1.52173793735
2013-05-28 14:30:00,-0.29360734,1.64543106585,1.28285672582
2013-05-28 15:00:00,,,2.0
2013-05-28 15:30:00,,,2.0
2013-05-28 16:00:00,,,2.0
2013-05-28 16:30:00,,,2.0
2013-05-28 17:00:00,,,2.0
2013-05-28 17:30:00,,,2.0
2013-05-28 18:00:00,,,2.0
2013-05-28 18:30:00,,,2.0
2013-05-28 19:00:00,,,2.0
2013-05-28 19:30:00,,,2.0
2013-05-28 20:00:00,,,2.0
2013-05-28 20:30:00,,,2.0
2013-05-28 21:00:00,,,2.0
2013-05-28 21:30:00,,,2.0
2013-05-28 22:00:00,,,2.0
2013-05-28 22:30:00,,,2.0
2013-05-28 23:00:00,,,2.0
2013-05-28 23:30:00,,,2.0
2013-05-29 00:00:00,,,2.0
2013-05-29 00:30:00,,,2.0
2013-05-29 01:00:00,,,2.0
2013-05-29 01:30:00,,,2.0
2013-05-29 02:00:00,,,2.0
2013-05-29 02:30:00,,,2.0
2013-05-29 03:00:00,0.50864017,6.92074442954,2.0
2013-05-29 03:30:00,0.3024312,7.44377730184,2.0
2013-05-29 04:00:00,0.23457208,17.0580083111,2.0
2013-05-29 04:30:00,0.26672748,3.60172705392,2.0
2013-05-29 05:00:00,0.1068112,2.26873803609,2.0
2013-05-29 05:30:00,0.1174223,10.0136784036,2.0
2013-05-29 06:00:00,0.4150951,4.93047675752,2.0
2013-05-29 06:30:00,,,2.0
2013-05-29 07:00:00,-0.14170286,1.93605960594,1.50513825548
2013-05-29 07:30:00,-0.1648488,1.97563724543,1.46085638678
2013-05-29 08:00:00,-3.7199049,1.20756321881,0.603816931833
2013-05-29 08:30:00,-1.313599,1.71139669887,0.840379388031
2013-05-29 09:00:00,-0.62656548,1.23423483141,1.04789795738
2013-05-29 09:30:00,-1.0955323,1.27179616953,0.888448888574
2013-05-29 10:00:00,-1.2910365,1.55694151316,0.844881725739
2013-05-29 10:30:00,-10.508018,0.576095696018,0.429706811001
2013-05-29 11:00:00,,,2.0
2013-05-29 11:30:00,,,2.0
2013-05-29 12:00:00,,,2.0
2013-05-29 12:30:00,,,2.0
2013-05-29 13:00:00,,,2.0
2013-05-29 13:30:00,,,2.0
2013-05-29 14:00:00,,,2.0
2013-05-29 14:30:00,,,2.0
2013-05-29 15:00:00,,,2.0
2013-05-29 15:30:00,,,2.0
2013-05-29 16:00:00,,,2.0
2013-05-29 16:30:00,,,2.0
2013-05-29 17:00:00,,,2.0
2013-05-29 17:30:00,,,2.0
2013-05-29 18:00:00,,,2.0
2013-05-29 18:30:00,,,2.0
2013-05-29 19:00:00,,,2.0
2013-05-29 19:30:00,,,2.0
2013-05-29 20:00:00,,,2.0
2013-05-29 20:30:00,,,2.0
2013-05-29 21:00:00,,,2.0
2013-05-29 21:30:00,,,2.0
2013-05-29 22:00:00,0.90078438,7.61814030651,2.0
2013-05-29 22:30:00,,,2.0
2013-05-29 23:00:00,,,2.0
2013-05-29 23:30:00,,,2.0
2013-05-30 00:00:00,,,2.0
2013-05-30 00:30:00,,,2.0
2013-05-30 01:00:00,,,2.0
2013-05-30 01:30:00,,,2.0
2013-05-30 02:00:00,0.64062586,6.22667359334,2.0
2013-05-30 02:30:00,,,2.0
2013-05-30 03:00:00,,,2.0
2013-05-30 03:30:00,,,2.0
2013-05-30 04:00:00,,,2.0
2013-05-30 04:30:00,,,2.0
2013-05-30 05:00:00,,,2.0
2013-05-30 05:30:00,,,2.0
2013-05-30 06:00:00,0.27465825,6.70577139374,2.0
2013-05-30 06:30:00,0.034923787,2.84275537297,2.0
2013-05-30 07:00:00,-0.080184337,2.52665844663,1.65595476895
2013-05-30 07:30:00,-0.16613138,1.57164248253,1.45855147115
2013-05-30 08:00:00,-0.49257946,1.57354401652,1.12096788428
2013-05-30 08:30:00,-0.17637384,1.79276785491,1.44065135418
2013-05-30 09:00:00,-0.17520488,1.86960093983,1.44265007218
2013-05-30 09:30:00,-0.15702733,1.70297628283,1.47523524718
2013-05-30 10:00:00,-0.13151598,2.36376651477,1.52642094128
2013-05-30 10:30:00,-0.12019783,2.5092430302,1.55154720047
2013-05-30 11:00:00,-0.09151648,1.8274201679,1.62353656763
2013-05-30 11:30:00,-0.10431673,2.21173140815,1.58978694379
2013-05-30 12:00:00,-0.059365398,2.22328499122,1.72300711579
2013-05-30 12:30:00,-0.13785056,1.86609243824,1.5130466056
2013-05-30 13:00:00,-0.08527933,2.04154463429,1.64106147436
2013-05-30 13:30:00,-0.13777805,1.88881551308,1.51319706033
2013-05-30 14:00:00,-0.097629272,1.79377916373,1.60706525902
2013-05-30 14:30:00,-0.055460536,2.54960632203,1.73684938351
2013-05-30 15:00:00,-0.12297551,2.27031764487,1.5452273483
2013-05-30 15:30:00,-0.24690722,2.03724428399,1.33722509893
2013-05-30 16:00:00,-0.21980552,2.02412552076,1.37340013452
2013-05-30 16:30:00,,,2.0
2013-05-30 17:00:00,,,2.0
2013-05-30 17:30:00,,,2.0
2013-05-30 18:00:00,,,2.0
2013-05-30 18:30:00,,,2.0
2013-05-30 19:00:00,,,2.0
2013-05-30 19:30:00,,,2.0
2013-05-30 20:00:00,,,2.0
2013-05-30 20:30:00,0.67841279,2.62057756085,2.0
2013-05-30 21:00:00,1.1948138,2.72295002997,2.0
2013-05-30 21:30:00,,,2.0
2013-05-30 22:00:00,1.2384848,2.78646575265,2.0
2013-05-30 22:30:00,,,2.0
2013-05-30 23:00:00,,,2.0
2013-05-30 23:30:00,,,2.0
2013-05-31 00:00:00,,,2.0
2013-05-31 00:30:00,,,2.0
2013-05-31 01:00:00,,,2.0
2013-05-31 01:30:00,,,2.0
2013-05-31 02:00:00,,,2.0
2013-05-31 02:30:00,,,2.0
2013-05-31 03:00:00,,,2.0
2013-05-31 03:30:00,,,2.0
2013-05-31 04:00:00,,,2.0
2013-05-31 04:30:00,,,2.0
2013-05-31 05:00:00,,,2.0
2013-05-31 05:30:00,,,2.0
2013-05-31 06:00:00,,,2.0
2013-05-31 06:30:00,,,2.0
2013-05-31 07:00:00,-0.2402427,1.87734620657,1.34576838701
2013-05-31 07:30:00,-0.49030061,1.76148164306,1.12239581219
2013-05-31 08:00:00,-0.33689464,1.48841076648,1.23954709256
2013-05-31 08:30:00,-0.22166412,2.04855028255,1.37079256781
2013-05-31 09:00:00,-0.098218687,2.11492124351,1.60551205831
2013-05-31 09:30:00,-0.16026429,1.56660682135,1.46921601433
2013-05-31 10:00:00,-0.13908619,1.80683789591,1.51049189445
2013-05-31 10:30:00,-0.35111949,1.49426097812,1.22653257225
2013-05-31 11:00:00,-0.76642931,1.32269641351,0.988555437919
2013-05-31 11:30:00,-0.58865102,1.40534044453,1.0666457491
2013-05-31 12:00:00,-0.061150011,2.25941774245,1.7168257969
2013-05-31 12:30:00,-0.24745162,1.78972158645,1.33653676164
2013-05-31 13:00:00,-0.11131774,2.43076907937,1.57246894516
2013-05-31 13:30:00,-0.13783329,2.36440083553,1.51308243458
2013-05-31 14:00:00,0.029303874,2.40607661447,2.0
2013-05-31 14:30:00,-0.12471353,1.93414624665,1.54132488024
2013-05-31 15:00:00,-0.062727533,1.99911043002,1.71143491778
2013-05-31 15:30:00,-0.069187199,2.80781101146,1.69004462887
2013-05-31 16:00:00,-0.075477408,2.78484976281,1.67020680184
2013-05-31 16:30:00,,,2.0
2013-05-31 17:00:00,0.13651869,2.88051772908,2.0
2013-05-31 17:30:00,,,2.0
2013-05-31 18:00:00,,,2.0
2013-05-31 18:30:00,,,2.0
2013-05-31 19:00:00,,,2.0
2013-05-31 19:30:00,,,2.0
2013-05-31 20:00:00,0.58669035,4.05101347152,2.0
2013-05-31 20:30:00,,,2.0
2013-05-31 21:00:00,,,2.0
2013-05-31 21:30:00,1.3915676,2.58561826793,2.0
2013-05-31 22:00:00,1.4432392,2.79114018621,2.0
2013-05-31 22:30:00,0.74819416,5.05853560712,2.0
2013-05-31 23:00:00,,,2.0
2013-05-31 23:30:00,,,2.0
2013-06-01 00:00:00,,,2.0
2013-06-01 00:30:00,,,2.0
2013-06-01 01:00:00,,,2.0
2013-06-01 01:30:00,,,2.0
2013-06-01 02:00:00,,,2.0
2013-06-01 02:30:00,,,2.0
2013-06-01 03:00:00,,,2.0
2013-06-01 03:30:00,,,2.0
2013-06-01 04:00:00,,,2.0
2013-06-01 04:30:00,,,2.0
2013-06-01 05:00:00,,,2.0
2013-06-01 05:30:00,,,2.0
2013-06-01 06:00:00,,,2.0
2013-06-01 06:30:00,,,2.0
2013-06-01 07:00:00,,,2.0
2013-06-01 07:30:00,,,2.0
2013-06-01 08:00:00,,,2.0
2013-06-01 08:30:00,,,2.0
2013-06-01 09:00:00,-0.4409742,1.58276170915,1.1552119186
2013-06-01 09:30:00,-0.33997018,1.60027857698,1.236686354
2013-06-01 10:00:00,-0.16171133,1.86642848461,1.46655675019
2013-06-01 10:30:00,-0.089002971,2.29517201969,1.63050861769
2013-06-01 11:00:00,-0.12873599,2.33012533959,1.53244196108
2013-06-01 11:30:00,,,2.0
2013-06-01 12:00:00,,,2.0
2013-06-01 12:30:00,-0.13684658,2.01157407552,1.51513515384
2013-06-01 13:00:00,-0.11356989,1.89319648277,1.56705590697
2013-06-01 13:30:00,-0.095680635,2.59289950533,1.61224335417
2013-06-01 14:00:00,-0.10861067,1.7776151767,1.57907556452
2013-06-01 14:30:00,-0.11493274,2.32569220516,1.56381624109
2013-06-01 15:00:00,,,2.0
2013-06-01 15:30:00,,,2.0
2013-06-01 16:00:00,,,2.0
2013-06-01 16:30:00,-0.15647519,2.16870938416,1.47627186041
2013-06-01 17:00:00,,,2.0
2013-06-01 17:30:00,,,2.0
2013-06-01 18:00:00,1.0948197,3.44246246058,2.0
2013-06-01 18:30:00,,,2.0
2013-06-01 19:00:00,0.78330351,4.25905142182,2.0
2013-06-01 19:30:00,0.93321751,4.47557981746,2.0
2013-06-01 20:00:00,0.94105546,3.61245489506,2.0
2013-06-01 20:30:00,,,2.0
2013-06-01 21:00:00,,,2.0
2013-06-01 21:30:00,1.1948837,6.66379164904,2.0
2013-06-01 22:00:00,,,2.0
2013-06-01 22:30:00,,,2.0
2013-06-01 23:00:00,,,2.0
2013-06-01 23:30:00,1.2106967,5.85421765997,2.0
2013-06-02 00:00:00,1.2210589,3.078936619,2.0
2013-06-02 00:30:00,,,2.0
2013-06-02 01:00:00,,,2.0
2013-06-02 01:30:00,,,2.0
2013-06-02 02:00:00,,,2.0
2013-06-02 02:30:00,,,2.0
2013-06-02 03:00:00,,,2.0
2013-06-02 03:30:00,,,2.0
2013-06-02 04:00:00,,,2.0
2013-06-02 04:30:00,,,2.0
2013-06-02 05:00:00,,,2.0
2013-06-02 05:30:00,,,2.0
2013-06-02 06:00:00,,,2.0
2013-06-02 06:30:00,,,2.0
2013-06-02 07:00:00,-0.31697796,1.84262236279,1.25873783492
2013-06-02 07:30:00,-1.2767468,1.15049927881,0.847783714631
2013-06-02 08:00:00,,,2.0
2013-06-02 08:30:00,-0.76886132,1.18522809968,0.987637792177
2013-06-02 09:00:00,,,2.0
2013-06-02 09:30:00,-1.1844774,1.17519355283,0.867537003805
2013-06-02 10:00:00,-4.0883777,0.70013683459,0.585587389361
2013-06-02 10:30:00,-0.4595735,1.71069376769,1.14239028811
2013-06-02 11:00:00,-0.24181868,1.80560357406,1.34372840484
2013-06-02 11:30:00,-0.20789087,1.7550377031,1.39060181919
2013-06-02 12:00:00,-0.23726946,1.84707904179,1.34965100568
2013-06-02 12:30:00,-0.21852377,1.79434240385,1.37521000567
2013-06-02 13:00:00,-0.43666537,1.42795611378,1.15826550549
2013-06-02 13:30:00,-0.25394191,1.60400751951,1.32843805714
2013-06-02 14:00:00,-0.81233114,1.13030113547,0.971788805396
2013-06-02 14:30:00,-1.5845962,0.982885328744,0.792815149411
2013-06-02 15:00:00,,,2.0
2013-06-02 15:30:00,,,2.0
2013-06-02 16:00:00,,,2.0
2013-06-02 16:30:00,,,2.0
2013-06-02 17:00:00,,,2.0
2013-06-02 17:30:00,,,2.0
2013-06-02 18:00:00,,,2.0
2013-06-02 18:30:00,,,2.0
2013-06-02 19:00:00,,,2.0
2013-06-02 19:30:00,,,2.0
2013-06-02 20:00:00,0.063302673,7.43301591108,2.0
2013-06-02 20:30:00,0.14585928,2.95607067711,2.0
2013-06-02 21:00:00,0.48992551,5.3106139262,2.0
2013-06-02 21:30:00,0.22461659,3.08240427926,2.0
2013-06-02 22:00:00,0.37972415,2.76810260908,2.0
2013-06-02 22:30:00,0.36531881,2.72334095508,2.0
2013-06-02 23:00:00,,,2.0
2013-06-02 23:30:00,0.44310029,2.63398395262,2.0
2013-06-03 00:00:00,,,2.0
2013-06-03 00:30:00,,,2.0
2013-06-03 01:00:00,,,2.0
2013-06-03 01:30:00,,,2.0
2013-06-03 02:00:00,,,2.0
2013-06-03 02:30:00,,,2.0
2013-06-03 03:00:00,,,2.0
2013-06-03 03:30:00,,,2.0
2013-06-03 04:00:00,,,2.0
2013-06-03 04:30:00,,,2.0
2013-06-03 05:00:00,,,2.0
2013-06-03 05:30:00,,,2.0
2013-06-03 06:00:00,,,2.0
2013-06-03 06:30:00,,,2.0
2013-06-03 07:00:00,,,2.0
2013-06-03 07:30:00,,,2.0
2013-06-03 08:00:00,,,2.0
2013-06-03 08:30:00,-0.29703576,1.85632332714,1.27920212573
2013-06-03 09:00:00,-0.28883554,1.57503580235,1.28801363519
2013-06-03 09:30:00,-0.31312854,1.50478312351,1.26258640236
2013-06-03 10:00:00,-1.3174558,0.943352293711,0.839619315584
2013-06-03 10:30:00,-1.5454166,0.81726940334,0.799038769796
2013-06-03 11:00:00,-0.61405328,1.4249158825,1.05393897603
2013-06-03 11:30:00,-0.39246991,1.33339591394,1.19158024797
2013-06-03 12:00:00,-0.35577305,1.31738404768,1.22239185957
2013-06-03 12:30:00,-0.16786757,1.94122079772,1.45545441063
2013-06-03 13:00:00,-0.3147459,1.64353189903,1.26096367265
2013-06-03 13:30:00,-0.2707188,1.74352890642,1.30837767631
2013-06-03 14:00:00,-0.26526703,1.96034191947,1.3147633673
2013-06-03 14:30:00,-0.14340401,1.89884442635,1.50169814578
2013-06-03 15:00:00,-0.056052811,2.66341792199,1.73472115032
2013-06-03 15:30:00,-0.11408821,2.44822185237,1.56582063313
2013-06-03 16:00:00,-0.17745529,4.51603193994,1.43881208831
2013-06-03 16:30:00,,,2.0
2013-06-03 17:00:00,0.13331887,2.72523140192,2.0
2013-06-03 17:30:00,,,2.0
2013-06-03 18:00:00,,,2.0
2013-06-03 18:30:00,,,2.0
2013-06-03 19:00:00,0.6919474,3.49235227461,2.0
2013-06-03 19:30:00,,,2.0
2013-06-03 20:00:00,,,2.0
2013-06-03 20:30:00,1.0958763,6.0358009781,2.0
2013-06-03 21:00:00,,,2.0
2013-06-03 21:30:00,,,2.0
2013-06-03 22:00:00,,,2.0
2013-06-03 22:30:00,,,2.0
2013-06-03 23:00:00,,,2.0
2013-06-03 23:30:00,,,2.0
2013-06-04 00:00:00,,,2.0
2013-06-04 00:30:00,,,2.0
2013-06-04 01:00:00,,,2.0
2013-06-04 01:30:00,,,2.0
2013-06-04 02:00:00,,,2.0
2013-06-04 02:30:00,,,2.0
2013-06-04 03:00:00,,,2.0
2013-06-04 03:30:00,,,2.0
2013-06-04 04:00:00,,,2.0
2013-06-04 04:30:00,,,2.0
2013-06-04 05:00:00,,,2.0
2013-06-04 05:30:00,,,2.0
2013-06-04 06:00:00,,,2.0
2013-06-04 06:30:00,,,2.0
2013-06-04 07:00:00,,,2.0
2013-06-04 07:30:00,-1.2015373,1.36764327061,0.863745308018
2013-06-04 08:00:00,-0.38538974,1.64233148145,1.19728443838
2013-06-04 08:30:00,-0.3717246,1.98116116765,1.20861055574
2013-06-04 09:00:00,-0.50130099,1.67266853521,1.11556928483
2013-06-04 09:30:00,-0.41586656,1.71079365148,1.17347411432
2013-06-04 10:00:00,,,2.0
2013-06-04 10:30:00,,,2.0
2013-06-04 11:00:00,,,2.0
2013-06-04 11:30:00,-1.2990315,1.65700645121,0.843275299092
2013-06-04 12:00:00,,,2.0
2013-06-04 12:30:00,,,2.0
2013-06-04 13:00:00,,,2.0
2013-06-04 13:30:00,,,2.0
2013-06-04 14:00:00,,,2.0
2013-06-04 14:30:00,,,2.0
2013-06-04 15:00:00,,,2.0
2013-06-04 15:30:00,,,2.0
2013-06-04 16:00:00,-0.98538151,1.92182031851,0.917404854186
2013-06-04 16:30:00,-0.41885392,2.94145247099,1.17124034421
2013-06-04 17:00:00,,,2.0
2013-06-04 17:30:00,,,2.0
2013-06-04 18:00:00,,,2.0
2013-06-04 18:30:00,,,2.0
2013-06-04 19:00:00,,,2.0
2013-06-04 19:30:00,0.67469012,4.07992600321,2.0
2013-06-04 20:00:00,0.86074778,3.58915810021,2.0
2013-06-04 20:30:00,,,2.0
2013-06-04 21:00:00,,,2.0
2013-06-04 21:30:00,,,2.0
2013-06-04 22:00:00,,,2.0
2013-06-04 22:30:00,,,2.0
2013-06-04 23:00:00,,,2.0
2013-06-04 23:30:00,,,2.0
2013-06-05 00:00:00,,,2.0
2013-06-05 00:30:00,,,2.0
2013-06-05 01:00:00,,,2.0
2013-06-05 01:30:00,,,2.0
2013-06-05 02:00:00,,,2.0
2013-06-05 02:30:00,,,2.0
2013-06-05 03:00:00,,,2.0
2013-06-05 03:30:00,,,2.0
2013-06-05 04:00:00,,,2.0
2013-06-05 04:30:00,,,2.0
2013-06-05 05:00:00,,,2.0
2013-06-05 05:30:00,,,2.0
2013-06-05 06:00:00,,,2.0
2013-06-05 06:30:00,,,2.0
2013-06-05 07:00:00,-0.69856388,2.20982112834,1.0156278246
2013-06-05 07:30:00,-0.48413736,1.56648568576,1.12629448147
2013-06-05 08:00:00,-0.37188825,1.95177106155,1.20847236638
2013-06-05 08:30:00,-0.3306249,1.85082817139,1.24546196818
2013-06-05 09:00:00,-0.4220473,1.4599843103,1.16887122044
2013-06-05 09:30:00,-0.196263,1.93713163347,1.40825227859
2013-06-05 10:00:00,-0.23974046,1.7178145846,1.34642110577
2013-06-05 10:30:00,-0.14883816,1.88742472064,1.49091592879
2013-06-05 11:00:00,-0.19170426,1.95847525486,1.41542173286
2013-06-05 11:30:00,-0.26189136,1.71510444182,1.31878045389
2013-06-05 12:00:00,-0.36292604,1.5700920367,1.2161346544
2013-06-05 12:30:00,-0.17815396,1.8097927274,1.43762881232
2013-06-05 13:00:00,-0.44225918,1.60667738924,1.15430748854
2013-06-05 13:30:00,,,2.0
2013-06-05 14:00:00,,,2.0
2013-06-05 14:30:00,,,2.0
2013-06-05 15:00:00,-0.74683574,2.02058095921,0.996075197125
2013-06-05 15:30:00,,,2.0
2013-06-05 16:00:00,0.021027446,2.5688931314,2.0
2013-06-05 16:30:00,,,2.0
2013-06-05 17:00:00,,,2.0
2013-06-05 17:30:00,,,2.0
2013-06-05 18:00:00,,,2.0
2013-06-05 18:30:00,,,2.0
2013-06-05 19:00:00,,,2.0
2013-06-05 19:30:00,,,2.0
2013-06-05 20:00:00,1.0155243,6.27411602252,2.0
2013-06-05 20:30:00,,,2.0
2013-06-05 21:00:00,,,2.0
2013-06-05 21:30:00,0.55473568,8.39634539181,2.0
2013-06-05 22:00:00,,,2.0
2013-06-05 22:30:00,,,2.0
2013-06-05 23:00:00,,,2.0
2013-06-05 23:30:00,,,2.0
2013-06-06 00:00:00,,,2.0
2013-06-06 00:30:00,,,2.0
2013-06-06 01:00:00,,,2.0
2013-06-06 01:30:00,,,2.0
2013-06-06 02:00:00,,,2.0
2013-06-06 02:30:00,,,2.0
2013-06-06 03:00:00,,,2.0
2013-06-06 03:30:00,,,2.0
2013-06-06 04:00:00,,,2.0
2013-06-06 04:30:00,,,2.0
2013-06-06 05:00:00,,,2.0
2013-06-06 05:30:00,,,2.0
2013-06-06 06:00:00,,,2.0
2013-06-06 06:30:00,,,2.0
2013-06-06 07:00:00,,,2.0
2013-06-06 07:30:00,-0.99854826,1.15343742204,0.913742516628
2013-06-06 08:00:00,-0.62363783,1.42014745263,1.04929905311
2013-06-06 08:30:00,-0.36371334,1.57988127004,1.21545373962
2013-06-06 09:00:00,,,2.0
2013-06-06 09:30:00,,,2.0
2013-06-06 10:00:00,,,2.0
2013-06-06 10:30:00,-0.22328463,1.96484992381,1.36853511305
2013-06-06 11:00:00,-0.24290863,1.57014747598,1.34232476082
2013-06-06 11:30:00,-0.90622425,1.33604137761,0.940737884157
2013-06-06 12:00:00,-0.34361831,1.5255251337,1.2333269889
2013-06-06 12:30:00,-0.69046161,1.25191102779,1.0190633166
2013-06-06 13:00:00,,,2.0
2013-06-06 13:30:00,,,2.0
2013-06-06 14:00:00,,,2.0
2013-06-06 14:30:00,,,2.0
2013-06-06 15:00:00,,,2.0
2013-06-06 15:30:00,0.55852451,3.48538326234,2.0
2013-06-06 16:00:00,,,2.0
2013-06-06 16:30:00,,,2.0
2013-06-06 17:00:00,,,2.0
2013-06-06 17:30:00,,,2.0
2013-06-06 18:00:00,,,2.0
2013-06-06 18:30:00,,,2.0
2013-06-06 19:00:00,,,2.0
2013-06-06 19:30:00,,,2.0
2013-06-06 20:00:00,,,2.0
2013-06-06 20:30:00,,,2.0
2013-06-06 21:00:00,,,2.0
2013-06-06 21:30:00,,,2.0
2013-06-06 22:00:00,0.37660857,3.24498792784,2.0
2013-06-06 22:30:00,,,2.0
2013-06-06 23:00:00,,,2.0
2013-06-06 23:30:00,0.87647268,32.9259064802,2.0
2013-06-07 00:00:00,,,2.0
2013-06-07 00:30:00,0.67556356,3.48318754074,2.0
2013-06-07 01:00:00,,,2.0
2013-06-07 01:30:00,,,2.0
2013-06-07 02:00:00,,,2.0
2013-06-07 02:30:00,,,2.0
2013-06-07 03:00:00,0.41590175,10.6903364756,2.0
2013-06-07 03:30:00,0.27789728,11.3262115112,2.0
2013-06-07 04:00:00,0.19331193,11.5975871131,2.0
2013-06-07 04:30:00,0.10812962,10.5487662249,2.0
2013-06-07 05:00:00,0.041570876,6.46484917833,2.0
2013-06-07 05:30:00,,,2.0
2013-06-07 06:00:00,,,2.0
2013-06-07 06:30:00,,,2.0
2013-06-07 07:00:00,,,2.0
2013-06-07 07:30:00,,,2.0
2013-06-07 08:00:00,-0.073536116,2.25231744898,1.67622974738
2013-06-07 08:30:00,-0.021552191,2.73355940611,1.87959747794
2013-06-07 09:00:00,,,2.0
2013-06-07 09:30:00,-0.016337422,3.32692368139,1.90609077094
2013-06-07 10:00:00,-0.01922773,3.66019222607,1.89122386315
2013-06-07 10:30:00,-0.05211306,2.15343782484,1.74907765896
2013-06-07 11:00:00,-0.020917143,2.37743947742,1.88274545409
2013-06-07 11:30:00,-0.056776833,2.3147846229,1.73213361711
2013-06-07 12:00:00,-0.033895552,2.87815934166,1.82229491211
2013-06-07 12:30:00,-0.0011953999,2.14995286169,1.99248595045
2013-06-07 13:00:00,-0.12278156,2.04612041666,1.54566529153
2013-06-07 13:30:00,-0.035029019,2.93922483378,1.8173739941
2013-06-07 14:00:00,,,2.0
2013-06-07 14:30:00,-0.13955652,2.03287230597,1.50952399148
2013-06-07 15:00:00,-0.032518586,2.39044527597,1.82834536362
2013-06-07 15:30:00,0.019227662,2.22221696549,2.0
2013-06-07 16:00:00,0.088528207,2.23616071116,2.0
2013-06-07 16:30:00,0.091719962,2.29587428756,2.0
2013-06-07 17:00:00,,,2.0
2013-06-07 17:30:00,,,2.0
2013-06-07 18:00:00,0.7483376,5.05960398141,2.0
2013-06-07 18:30:00,,,2.0
2013-06-07 19:00:00,,,2.0
2013-06-07 19:30:00,,,2.0
2013-06-07 20:00:00,,,2.0
2013-06-07 20:30:00,,,2.0
2013-06-07 21:00:00,,,2.0
2013-06-07 21:30:00,,,2.0
2013-06-07 22:00:00,,,2.0
2013-06-07 22:30:00,,,2.0
2013-06-07 23:00:00,,,2.0
2013-06-07 23:30:00,,,2.0
2013-06-08 00:00:00,,,2.0
2013-06-08 00:30:00,,,2.0
2013-06-08 01:00:00,,,2.0
2013-06-08 01:30:00,,,2.0
2013-06-08 02:00:00,,,2.0
2013-06-08 02:30:00,,,2.0
2013-06-08 03:00:00,,,2.0
2013-06-08 03:30:00,,,2.0
2013-06-08 04:00:00,,,2.0
2013-06-08 04:30:00,,,2.0
2013-06-08 05:00:00,,,2.0
2013-06-08 05:30:00,,,2.0
2013-06-08 06:00:00,,,2.0
2013-06-08 06:30:00,,,2.0
2013-06-08 07:00:00,,,2.0
2013-06-08 07:30:00,,,2.0
2013-06-08 08:00:00,-0.49491469,1.44437889413,1.11951213785
2013-06-08 08:30:00,,,2.0
2013-06-08 09:00:00,,,2.0
2013-06-08 09:30:00,,,2.0
2013-06-08 10:00:00,,,2.0
2013-06-08 10:30:00,,,2.0
2013-06-08 11:00:00,,,2.0
2013-06-08 11:30:00,,,2.0
2013-06-08 12:00:00,,,2.0
2013-06-08 12:30:00,-1.2417009,1.35612913912,0.855073521537
2013-06-08 13:00:00,-0.23744917,1.85370877153,1.34941505639
2013-06-08 13:30:00,-1.0296938,1.17606936245,0.905306551656
2013-06-08 14:00:00,,,2.0
2013-06-08 14:30:00,,,2.0
2013-06-08 15:00:00,,,2.0
2013-06-08 15:30:00,,,2.0
2013-06-08 16:00:00,,,2.0
2013-06-08 16:30:00,,,2.0
2013-06-08 17:00:00,,,2.0
2013-06-08 17:30:00,,,2.0
2013-06-08 18:00:00,,,2.0
2013-06-08 18:30:00,,,2.0
2013-06-08 19:00:00,,,2.0
2013-06-08 19:30:00,,,2.0
2013-06-08 20:00:00,,,2.0
2013-06-08 20:30:00,,,2.0
2013-06-08 21:00:00,,,2.0
2013-06-08 21:30:00,,,2.0
2013-06-08 22:00:00,,,2.0
2013-06-08 22:30:00,0.14983066,3.70834274318,2.0
2013-06-08 23:00:00,0.34880483,3.1135761799,2.0
2013-06-08 23:30:00,0.26917817,2.26175387014,2.0
2013-06-09 00:00:00,0.20204054,2.96334942243,2.0
2013-06-09 00:30:00,0.13755188,2.91716967523,2.0
2013-06-09 01:00:00,0.084920457,3.44335252011,2.0
2013-06-09 01:30:00,0.079364029,3.89308077265,2.0
2013-06-09 02:00:00,0.11677028,2.4009400218,2.0
2013-06-09 02:30:00,,,2.0
2013-06-09 03:00:00,,,2.0
2013-06-09 03:30:00,,,2.0
2013-06-09 04:00:00,,,2.0
2013-06-09 04:30:00,,,2.0
2013-06-09 05:00:00,,,2.0
2013-06-09 05:30:00,,,2.0
2013-06-09 06:00:00,,,2.0
2013-06-09 06:30:00,,,2.0
2013-06-09 07:00:00,,,2.0
2013-06-09 07:30:00,,,2.0
2013-06-09 08:00:00,,,2.0
2013-06-09 08:30:00,-0.37964154,1.66295942105,1.20199685127
2013-06-09 09:00:00,-0.18003925,1.84894132984,1.43445517482
2013-06-09 09:30:00,-0.48412846,1.79429884129,1.12630015057
2013-06-09 10:00:00,-6.2705141,0.660828092107,0.509265686547
2013-06-09 10:30:00,-1.1730684,1.07000903389,0.870110261447
2013-06-09 11:00:00,-0.50438313,1.3455536746,1.11368614296
2013-06-09 11:30:00,-0.37761031,1.49123278585,1.20367991232
2013-06-09 12:00:00,-0.39468788,1.40802577214,1.18981553703
2013-06-09 12:30:00,-2.6552125,0.83819298158,0.673174236764
2013-06-09 13:00:00,-6.4860159,0.673991323061,0.503653930575
2013-06-09 13:30:00,-1.0941865,1.23842514064,0.888781048577
2013-06-09 14:00:00,-0.49577679,1.46263664938,1.11897662534
2013-06-09 14:30:00,-1.2189118,1.14829027781,0.859950929819
2013-06-09 15:00:00,,,2.0
2013-06-09 15:30:00,-0.043072541,2.92683386637,1.78391257342
2013-06-09 16:00:00,,,2.0
2013-06-09 16:30:00,,,2.0
2013-06-09 17:00:00,,,2.0
2013-06-09 17:30:00,,,2.0
2013-06-09 18:00:00,,,2.0
2013-06-09 18:30:00,,,2.0
2013-06-09 19:00:00,,,2.0
2013-06-09 19:30:00,0.57591318,3.24290918513,2.0
2013-06-09 20:00:00,,,2.0
2013-06-09 20:30:00,0.67876846,2.08349379572,2.0
2013-06-09 21:00:00,0.74955145,3.21781342223,2.0
2013-06-09 21:30:00,,,2.0
2013-06-09 22:00:00,,,2.0
2013-06-09 22:30:00,,,2.0
2013-06-09 23:00:00,,,2.0
2013-06-09 23:30:00,,,2.0
2013-06-10 00:00:00,,,2.0
2013-06-10 00:30:00,,,2.0
2013-06-10 01:00:00,,,2.0
2013-06-10 01:30:00,,,2.0
2013-06-10 02:00:00,1.1889647,4.29923939411,2.0
2013-06-10 02:30:00,,,2.0
2013-06-10 03:00:00,0.54065862,5.83042726626,2.0
2013-06-10 03:30:00,,,2.0
2013-06-10 04:00:00,0.3797351,8.41925351185,2.0
2013-06-10 04:30:00,0.62451312,11.9742866749,2.0
2013-06-10 05:00:00,,,2.0
2013-06-10 05:30:00,0.59923681,4.82328972412,2.0
2013-06-10 06:00:00,,,2.0
2013-06-10 06:30:00,,,2.0
2013-06-10 07:00:00,-0.29009452,2.19374666411,1.28664499458
2013-06-10 07:30:00,-0.59972371,1.57924930878,1.06103192513
2013-06-10 08:00:00,-1.9399163,1.20004650499,0.743952121521
2013-06-10 08:30:00,,,2.0
2013-06-10 09:00:00,,,2.0
2013-06-10 09:30:00,,,2.0
2013-06-10 10:00:00,-0.67331573,1.43118738846,1.02648967698
2013-06-10 10:30:00,,,2.0
2013-06-10 11:00:00,-0.28380586,1.72032698139,1.29354014325
2013-06-10 11:30:00,-0.30622179,1.57909128104,1.26961138859
2013-06-10 12:00:00,-0.27514748,1.89516454606,1.3032805367
2013-06-10 12:30:00,-0.179104,1.80761612868,1.4360260385
2013-06-10 13:00:00,-0.10760459,2.58673121269,1.58155939161
2013-06-10 13:30:00,,,2.0
2013-06-10 14:00:00,,,2.0
2013-06-10 14:30:00,-0.69454496,1.29012912581,1.01732611081
2013-06-10 15:00:00,-0.27248582,2.03559193153,1.30633439365
2013-06-10 15:30:00,-0.0095643505,1.85066547951,1.9428539149
2013-06-10 16:00:00,,,2.0
2013-06-10 16:30:00,0.058743591,2.67095195225,2.0
2013-06-10 17:00:00,,,2.0
2013-06-10 17:30:00,,,2.0
2013-06-10 18:00:00,,,2.0
2013-06-10 18:30:00,,,2.0
2013-06-10 19:00:00,,,2.0
2013-06-10 19:30:00,,,2.0
2013-06-10 20:00:00,,,2.0
2013-06-10 20:30:00,,,2.0
2013-06-10 21:00:00,,,2.0
2013-06-10 21:30:00,0.93811372,3.73097435574,2.0
2013-06-10 22:00:00,0.74414344,3.57573582088,2.0
2013-06-10 22:30:00,,,2.0
2013-06-10 23:00:00,,,2.0
2013-06-10 23:30:00,,,2.0
2013-06-11 00:00:00,,,2.0
2013-06-11 00:30:00,,,2.0
2013-06-11 01:00:00,,,2.0
2013-06-11 01:30:00,,,2.0
2013-06-11 02:00:00,,,2.0
2013-06-11 02:30:00,,,2.0
2013-06-11 03:00:00,,,2.0
2013-06-11 03:30:00,,,2.0
2013-06-11 04:00:00,,,2.0
2013-06-11 04:30:00,,,2.0
2013-06-11 05:00:00,,,2.0
2013-06-11 05:30:00,,,2.0
2013-06-11 06:00:00,,,2.0
2013-06-11 06:30:00,,,2.0
2013-06-11 07:00:00,,,2.0
2013-06-11 07:30:00,,,2.0
2013-06-11 08:00:00,,,2.0
2013-06-11 08:30:00,-0.67817484,1.32883770715,1.02436307861
2013-06-11 09:00:00,-0.21265266,1.69822409667,1.3836239843
2013-06-11 09:30:00,-0.17372975,2.09110456976,1.4451881973
2013-06-11 10:00:00,,,2.0
2013-06-11 10:30:00,,,2.0
2013-06-11 11:00:00,-1.6500217,1.46762614091,0.782839850105
2013-06-11 11:30:00,-0.070498268,2.91424223976,1.6858319156
2013-06-11 12:00:00,-0.070104441,2.15045262408,1.68709294244
2013-06-11 12:30:00,-0.043077708,2.63785387178,1.7838918608
2013-06-11 13:00:00,,,2.0
2013-06-11 13:30:00,-0.048869897,3.78054395703,1.76126024296
2013-06-11 14:00:00,-0.021317433,2.64215059819,1.8807587356
2013-06-11 14:30:00,,,2.0
2013-06-11 15:00:00,-0.75320228,1.44374434357,0.993606724923
2013-06-11 15:30:00,-0.27799194,2.1280962566,1.30004827823
2013-06-11 16:00:00,,,2.0
2013-06-11 16:30:00,,,2.0
2013-06-11 17:00:00,,,2.0
2013-06-11 17:30:00,,,2.0
2013-06-11 18:00:00,,,2.0
2013-06-11 18:30:00,,,2.0
2013-06-11 19:00:00,,,2.0
2013-06-11 19:30:00,,,2.0
2013-06-11 20:00:00,0.60919865,9.60945561874,2.0
2013-06-11 20:30:00,,,2.0
2013-06-11 21:00:00,0.73526176,13.9814554184,2.0
2013-06-11 21:30:00,0.58302921,5.22730353437,2.0
2013-06-11 22:00:00,0.55455483,67.9806404733,2.0
2013-06-11 22:30:00,1.069175,7.31189258869,2.0
2013-06-11 23:00:00,0.970044,4.1061959915,2.0
2013-06-11 23:30:00,,,2.0
2013-06-12 00:00:00,,,2.0
2013-06-12 00:30:00,,,2.0
2013-06-12 01:00:00,,,2.0
2013-06-12 01:30:00,,,2.0
2013-06-12 02:00:00,,,2.0
2013-06-12 02:30:00,,,2.0
2013-06-12 03:00:00,,,2.0
2013-06-12 03:30:00,,,2.0
2013-06-12 04:00:00,,,2.0
2013-06-12 04:30:00,,,2.0
2013-06-12 05:00:00,,,2.0
2013-06-12 05:30:00,,,2.0
2013-06-12 06:00:00,,,2.0
2013-06-12 06:30:00,,,2.0
2013-06-12 07:00:00,-0.48323278,2.05248631024,1.12687126364
2013-06-12 07:30:00,-0.20526014,2.05668301373,1.39451780591
2013-06-12 08:00:00,-0.14283299,1.96913679443,1.50284936967
2013-06-12 08:30:00,-0.40908906,1.70804595615,1.17860583887
2013-06-12 09:00:00,-0.10466971,1.86623707365,1.58889542419
2013-06-12 09:30:00,-0.1750646,1.70910855145,1.44289067293
2013-06-12 10:00:00,-0.22344204,1.7507291796,1.36831662395
2013-06-12 10:30:00,-0.18255912,1.80270231994,1.43025670338
2013-06-12 11:00:00,-0.061685897,2.35704573277,1.7149868945
2013-06-12 11:30:00,-0.13353136,2.12417678668,1.52211457001
2013-06-12 12:00:00,-0.17439371,2.15332648386,1.44404357133
2013-06-12 12:30:00,-0.1161508,2.40188484809,1.56094330311
2013-06-12 13:00:00,-0.17135578,2.02797096717,1.44931067399
2013-06-12 13:30:00,,,2.0
2013-06-12 14:00:00,,,2.0
2013-06-12 14:30:00,0.014824954,7.35639228714,2.0
2013-06-12 15:00:00,0.0082582868,4.11029949369,2.0
2013-06-12 15:30:00,,,2.0
2013-06-12 16:00:00,,,2.0
2013-06-12 16:30:00,,,2.0
2013-06-12 17:00:00,,,2.0
2013-06-12 17:30:00,,,2.0
2013-06-12 18:00:00,,,2.0
2013-06-12 18:30:00,,,2.0
2013-06-12 19:00:00,,,2.0
2013-06-12 19:30:00,,,2.0
2013-06-12 20:00:00,0.62707223,12.0692706156,2.0
2013-06-12 20:30:00,1.0019321,20.5253816088,2.0
2013-06-12 21:00:00,0.6959826,5.02301521392,2.0
2013-06-12 21:30:00,0.68912944,18.4274707028,2.0
2013-06-12 22:00:00,0.9272158,2.30989428241,2.0
2013-06-12 22:30:00,0.67452181,2.12346412084,2.0
2013-06-12 23:00:00,0.73376369,2.83168678409,2.0
2013-06-12 23:30:00,0.57710151,2.5166735593,2.0
2013-06-13 00:00:00,,,2.0
2013-06-13 00:30:00,,,2.0
2013-06-13 01:00:00,,,2.0
2013-06-13 01:30:00,,,2.0
2013-06-13 02:00:00,,,2.0
2013-06-13 02:30:00,,,2.0
2013-06-13 03:00:00,,,2.0
2013-06-13 03:30:00,0.59129736,3.83242506996,2.0
2013-06-13 04:00:00,0.77876619,3.68396797041,2.0
2013-06-13 04:30:00,0.31610456,2.94158221061,2.0
2013-06-13 05:00:00,,,2.0
2013-06-13 05:30:00,,,2.0
2013-06-13 06:00:00,,,2.0
2013-06-13 06:30:00,,,2.0
2013-06-13 07:00:00,-0.25628292,1.44482112725,1.32556463529
2013-06-13 07:30:00,-0.15420956,2.02272463455,1.48055618735
2013-06-13 08:00:00,-0.25080805,1.73146402822,1.33232396966
2013-06-13 08:30:00,-0.22326715,1.82575874217,1.36855938434
2013-06-13 09:00:00,-0.14780873,1.83949657821,1.49293474545
2013-06-13 09:30:00,-0.21397591,2.07848878562,1.38170962384
2013-06-13 10:00:00,-0.19013978,2.0429556229,1.41791606738
2013-06-13 10:30:00,-0.38532416,1.61973563086,1.1973377856
2013-06-13 11:00:00,-0.15318883,1.87081582949,1.48250272937
2013-06-13 11:30:00,-0.067813214,2.25189469768,1.69450504552
2013-06-13 12:00:00,,,2.0
2013-06-13 12:30:00,0.03210542,3.21542479937,2.0
2013-06-13 13:00:00,-0.038556996,2.28083192892,1.80239044966
2013-06-13 13:30:00,-0.072295859,2.28588621248,1.68012353976
2013-06-13 14:00:00,-0.098681663,2.03180204918,1.6042962446
2013-06-13 14:30:00,0.016200944,2.38554391746,2.0
2013-06-13 15:00:00,0.05047965,2.61590158085,2.0
2013-06-13 15:30:00,,,2.0
2013-06-13 16:00:00,,,2.0
2013-06-13 16:30:00,,,2.0
2013-06-13 17:00:00,,,2.0
2013-06-13 17:30:00,,,2.0
2013-06-13 18:00:00,,,2.0
2013-06-13 18:30:00,0.41256567,2.6521023769,2.0
2013-06-13 19:00:00,,,2.0
2013-06-13 19:30:00,,,2.0
2013-06-13 20:00:00,,,2.0
2013-06-13 20:30:00,,,2.0
2013-06-13 21:00:00,,,2.0
2013-06-13 21:30:00,0.24593457,2.44000490347,2.0
2013-06-13 22:00:00,0.4408482,3.08191181201,2.0
2013-06-13 22:30:00,0.40146407,2.90482092888,2.0
2013-06-13 23:00:00,0.75365886,3.42102955096,2.0
2013-06-13 23:30:00,,,2.0
2013-06-14 00:00:00,0.41369219,4.44495557344,2.0
2013-06-14 00:30:00,,,2.0
2013-06-14 01:00:00,,,2.0
2013-06-14 01:30:00,,,2.0
2013-06-14 02:00:00,,,2.0
2013-06-14 02:30:00,,,2.0
2013-06-14 03:00:00,,,2.0
2013-06-14 03:30:00,,,2.0
2013-06-14 04:00:00,,,2.0
2013-06-14 04:30:00,,,2.0
2013-06-14 05:00:00,,,2.0
2013-06-14 05:30:00,,,2.0
2013-06-14 06:00:00,,,2.0
2013-06-14 06:30:00,,,2.0
2013-06-14 07:00:00,,,2.0
2013-06-14 07:30:00,,,2.0
2013-06-14 08:00:00,,,2.0
2013-06-14 08:30:00,,,2.0
2013-06-14 09:00:00,,,2.0
2013-06-14 09:30:00,-4.8781061,0.974512643132,0.552859068467
2013-06-14 10:00:00,-7.9295406,0.753304783787,0.471480464324
2013-06-14 10:30:00,-0.65739113,1.08331418877,1.03358505671
2013-06-14 11:00:00,-0.30949633,1.6886851633,1.26626134874
2013-06-14 11:30:00,-0.65292794,1.3204529634,1.03560920082
2013-06-14 12:00:00,-0.65608882,1.97598790888,1.03417404465
2013-06-14 12:30:00,,,2.0
2013-06-14 13:00:00,,,2.0
2013-06-14 13:30:00,,,2.0
2013-06-14 14:00:00,,,2.0
2013-06-14 14:30:00,-0.64715983,1.13880931937,1.03824881008
2013-06-14 15:00:00,,,2.0
2013-06-14 15:30:00,,,2.0
2013-06-14 16:00:00,0.18265816,7.99772408822,2.0
2013-06-14 16:30:00,,,2.0
2013-06-14 17:00:00,,,2.0
2013-06-14 17:30:00,,,2.0
2013-06-14 18:00:00,,,2.0
2013-06-14 18:30:00,,,2.0
2013-06-14 19:00:00,,,2.0
2013-06-14 19:30:00,,,2.0
2013-06-14 20:00:00,,,2.0
2013-06-14 20:30:00,,,2.0
2013-06-14 21:00:00,,,2.0
2013-06-14 21:30:00,,,2.0
2013-06-14 22:00:00,,,2.0
2013-06-14 22:30:00,0.35300523,19.8941903818,2.0
2013-06-14 23:00:00,0.15626732,5.23677509545,2.0
2013-06-14 23:30:00,0.13506547,3.08290836543,2.0
2013-06-15 00:00:00,,,2.0
2013-06-15 00:30:00,0.76336743,2.78187367491,2.0
2013-06-15 01:00:00,,,2.0
2013-06-15 01:30:00,,,2.0
2013-06-15 02:00:00,,,2.0
2013-06-15 02:30:00,,,2.0
2013-06-15 03:00:00,,,2.0
2013-06-15 03:30:00,,,2.0
2013-06-15 04:00:00,,,2.0
2013-06-15 04:30:00,,,2.0
2013-06-15 05:00:00,,,2.0
2013-06-15 05:30:00,,,2.0
2013-06-15 06:00:00,,,2.0
2013-06-15 06:30:00,,,2.0
2013-06-15 07:00:00,,,2.0
2013-06-15 07:30:00,-0.42075102,1.37491498191,1.16983059981
2013-06-15 08:00:00,-0.41708768,1.98225690637,1.17255897537
2013-06-15 08:30:00,-0.60709459,1.98392065974,1.05735967416
2013-06-15 09:00:00,-1.8023482,0.94537601626,0.761422128313
2013-06-15 09:30:00,-0.31983119,1.7975787689,1.25591529762
2013-06-15 10:00:00,-0.15797841,1.89614930762,1.47345645025
2013-06-15 10:30:00,-0.27335589,2.04991351196,1.30533297008
2013-06-15 11:00:00,-0.13650327,1.80766242656,1.51585198211
2013-06-15 11:30:00,-0.14676656,1.99966580052,1.49498973079
2013-06-15 12:00:00,-0.62451635,1.26115670567,1.04887782983
2013-06-15 12:30:00,-0.11704039,2.44056442939,1.55885838222
2013-06-15 13:00:00,-0.7434456,1.40632389629,0.997399698637
2013-06-15 13:30:00,-0.41884083,2.06022585114,1.17125009508
2013-06-15 14:00:00,-0.37469669,2.02805973303,1.20611066641
2013-06-15 14:30:00,-0.73151159,1.22860620951,1.00211894386
2013-06-15 15:00:00,-0.91681173,1.56294351434,0.93747829449
2013-06-15 15:30:00,-0.049960529,6.79881809405,1.75712555771
2013-06-15 16:00:00,-0.25674965,2.00789468547,1.32499472281
2013-06-15 16:30:00,,,2.0
2013-06-15 17:00:00,,,2.0
2013-06-15 17:30:00,,,2.0
2013-06-15 18:00:00,,,2.0
2013-06-15 18:30:00,,,2.0
2013-06-15 19:00:00,,,2.0
2013-06-15 19:30:00,,,2.0
2013-06-15 20:00:00,,,2.0
2013-06-15 20:30:00,,,2.0
2013-06-15 21:00:00,,,2.0
2013-06-15 21:30:00,,,2.0
2013-06-15 22:00:00,,,2.0
2013-06-15 22:30:00,,,2.0
2013-06-15 23:00:00,,,2.0
2013-06-15 23:30:00,,,2.0
2013-06-16 00:00:00,,,2.0
2013-06-16 00:30:00,,,2.0
2013-06-16 01:00:00,,,2.0
2013-06-16 01:30:00,,,2.0
2013-06-16 02:00:00,,,2.0
2013-06-16 02:30:00,,,2.0
2013-06-16 03:00:00,,,2.0
2013-06-16 03:30:00,,,2.0
2013-06-16 04:00:00,,,2.0
2013-06-16 04:30:00,,,2.0
2013-06-16 05:00:00,,,2.0
2013-06-16 05:30:00,,,2.0
2013-06-16 06:00:00,,,2.0
2013-06-16 06:30:00,,,2.0
2013-06-16 07:00:00,,,2.0
2013-06-16 07:30:00,,,2.0
2013-06-16 08:00:00,,,2.0
2013-06-16 08:30:00,-0.92748106,1.07992565076,0.934238735003
2013-06-16 09:00:00,-0.45278849,1.21653119607,1.14700152573
2013-06-16 09:30:00,-0.49864243,1.50595253561,1.11720390369
2013-06-16 10:00:00,-0.58176596,1.50565640435,1.07019704123
2013-06-16 10:30:00,-0.42233896,1.53184582172,1.16865579559
2013-06-16 11:00:00,-0.24790221,1.61223437454,1.33596810792
2013-06-16 11:30:00,-0.3354137,1.70874675901,1.24093408193
2013-06-16 12:00:00,-0.54725369,1.92569718781,1.08874176731
2013-06-16 12:30:00,-0.61018976,2.25269392673,1.05583269796
2013-06-16 13:00:00,-0.33397543,2.28468734851,1.24228707
2013-06-16 13:30:00,-0.15874482,1.98152625847,1.47202926323
2013-06-16 14:00:00,-0.084451623,3.05634966594,1.64344460872
2013-06-16 14:30:00,-0.14995788,1.93298462578,1.4887323892
2013-06-16 15:00:00,,,2.0
2013-06-16 15:30:00,,,2.0
2013-06-16 16:00:00,-0.061623519,2.67917521953,1.71520054073
2013-06-16 16:30:00,,,2.0
2013-06-16 17:00:00,0.10861288,2.75488322251,2.0
2013-06-16 17:30:00,0.45066119,2.50371275254,2.0
2013-06-16 18:00:00,1.3774473,3.50202226461,2.0
2013-06-16 18:30:00,0.8984894,2.64849723002,2.0
2013-06-16 19:00:00,1.0746901,3.5578437753,2.0
2013-06-16 19:30:00,0.4415485,2.73628402913,2.0
2013-06-16 20:00:00,0.99044285,2.85703192417,2.0
2013-06-16 20:30:00,,,2.0
2013-06-16 21:00:00,0.99024141,3.04709898634,2.0
2013-06-16 21:30:00,,,2.0
2013-06-16 22:00:00,,,2.0
2013-06-16 22:30:00,,,2.0
2013-06-16 23:00:00,,,2.0
2013-06-16 23:30:00,,,2.0
2013-06-17 00:00:00,,,2.0
2013-06-17 00:30:00,,,2.0
2013-06-17 01:00:00,,,2.0
2013-06-17 01:30:00,,,2.0
2013-06-17 02:00:00,,,2.0
2013-06-17 02:30:00,,,2.0
2013-06-17 03:00:00,,,2.0
2013-06-17 03:30:00,,,2.0
2013-06-17 04:00:00,,,2.0
2013-06-17 04:30:00,,,2.0
2013-06-17 05:00:00,,,2.0
2013-06-17 05:30:00,1.1976126,2.71555229456,2.0
2013-06-17 06:00:00,0.7680913,2.36914194096,2.0
2013-06-17 06:30:00,,,2.0
2013-06-17 07:00:00,-0.23471779,2.09953766248,1.35301911985
2013-06-17 07:30:00,-0.2067576,1.74595012003,1.39228335606
2013-06-17 08:00:00,-0.091516595,2.12097934977,1.62353625136
2013-06-17 08:30:00,-0.15377855,1.73776990809,1.48137688006
2013-06-17 09:00:00,-0.19571967,1.73561078518,1.40909915499
2013-06-17 09:30:00,-0.11799019,2.0605954915,1.55664459184
2013-06-17 10:00:00,-0.090902511,2.10306819958,1.62522861189
2013-06-17 10:30:00,-0.040396814,2.62310043203,1.79476966267
2013-06-17 11:00:00,-0.021638168,2.22749104354,1.8791728996
2013-06-17 11:30:00,-0.11323718,2.09991012727,1.56785088784
2013-06-17 12:00:00,-0.033828429,2.18162036077,1.82258800013
2013-06-17 12:30:00,-0.070645355,2.47692248532,1.68536191162
2013-06-17 13:00:00,-0.054497541,2.31023796345,1.7403321505
2013-06-17 13:30:00,-0.18356413,1.8494725873,1.4285958576
2013-06-17 14:00:00,-0.12335875,2.51034685668,1.5443634414
2013-06-17 14:30:00,,,2.0
2013-06-17 15:00:00,0.030967825,3.02328934512,2.0
2013-06-17 15:30:00,-0.17319243,2.41990225463,1.44611716601
2013-06-17 16:00:00,,,2.0
2013-06-17 16:30:00,,,2.0
2013-06-17 17:00:00,,,2.0
2013-06-17 17:30:00,,,2.0
2013-06-17 18:00:00,,,2.0
2013-06-17 18:30:00,0.47299499,3.01600634381,2.0
2013-06-17 19:00:00,0.58489915,2.97799942342,2.0
2013-06-17 19:30:00,,,2.0
2013-06-17 20:00:00,,,2.0
2013-06-17 20:30:00,,,2.0
2013-06-17 21:00:00,1.158486,2.38619872386,2.0
2013-06-17 21:30:00,0.55371178,3.75738327505,2.0
2013-06-17 22:00:00,0.54989089,4.04757356729,2.0
2013-06-17 22:30:00,0.74027682,3.18020763082,2.0
2013-06-17 23:00:00,,,2.0
2013-06-17 23:30:00,,,2.0
2013-06-18 00:00:00,,,2.0
2013-06-18 00:30:00,,,2.0
2013-06-18 01:00:00,,,2.0
2013-06-18 01:30:00,,,2.0
2013-06-18 02:00:00,,,2.0
2013-06-18 02:30:00,0.85672842,2.33650559186,2.0
2013-06-18 03:00:00,0.77726559,3.198796625,2.0
2013-06-18 03:30:00,0.96036386,2.76666424113,2.0
2013-06-18 04:00:00,,,2.0
2013-06-18 04:30:00,1.086253,2.16572497939,2.0
2013-06-18 05:00:00,,,2.0
2013-06-18 05:30:00,0.90504055,2.67552556169,2.0
2013-06-18 06:00:00,,,2.0
2013-06-18 06:30:00,,,2.0
2013-06-18 07:00:00,-0.79926373,1.51357921864,0.97644615625
2013-06-18 07:30:00,-0.30261559,1.67606858607,1.27334210939
2013-06-18 08:00:00,-0.52157557,1.56524494565,1.10340984282
2013-06-18 08:30:00,-0.24818086,1.71596930132,1.33561692982
2013-06-18 09:00:00,-0.10795125,2.54119162234,1.5807017873
2013-06-18 09:30:00,-0.089633857,1.91119408423,1.62874738498
2013-06-18 10:00:00,-0.052726811,2.61920458873,1.7468098119
2013-06-18 10:30:00,-0.09307594,2.08426472471,1.61927029653
2013-06-18 11:00:00,-0.095047561,2.0267538814,1.61394004482
2013-06-18 11:30:00,-0.086364253,2.01234505068,1.63795858497
2013-06-18 12:00:00,-0.15191664,1.67245193203,1.48494320593
2013-06-18 12:30:00,-0.10296963,3.12887819771,1.59320779534
2013-06-18 13:00:00,-0.049068516,2.2347843866,1.76050436027
2013-06-18 13:30:00,-0.060028336,3.24595750909,1.7207005293
2013-06-18 14:00:00,,,2.0
2013-06-18 14:30:00,,,2.0
2013-06-18 15:00:00,-0.032455779,2.70158142615,1.82862326158
2013-06-18 15:30:00,,,2.0
2013-06-18 16:00:00,,,2.0
2013-06-18 16:30:00,,,2.0
2013-06-18 17:00:00,0.93658369,4.58502947377,2.0
2013-06-18 17:30:00,0.55672674,7.11626033112,2.0
2013-06-18 18:00:00,0.51734946,3.34001551298,2.0
2013-06-18 18:30:00,0.42510985,3.49503939049,2.0
2013-06-18 19:00:00,0.40767416,2.27835893217,2.0
2013-06-18 19:30:00,0.49756114,3.71574507529,2.0
2013-06-18 20:00:00,0.83040956,4.2439415571,2.0
2013-06-18 20:30:00,,,2.0
2013-06-18 21:00:00,,,2.0
2013-06-18 21:30:00,0.61131566,2.58725877211,2.0
2013-06-18 22:00:00,0.78829915,2.26949899172,2.0
2013-06-18 22:30:00,0.76996609,2.19201949457,2.0
2013-06-18 23:00:00,1.3069895,2.88260354583,2.0
2013-06-18 23:30:00,,,2.0
2013-06-19 00:00:00,,,2.0
2013-06-19 00:30:00,,,2.0
2013-06-19 01:00:00,,,2.0
2013-06-19 01:30:00,,,2.0
2013-06-19 02:00:00,0.73925997,5.98235333852,2.0
2013-06-19 02:30:00,,,2.0
2013-06-19 03:00:00,,,2.0
2013-06-19 03:30:00,,,2.0
2013-06-19 04:00:00,,,2.0
2013-06-19 04:30:00,,,2.0
2013-06-19 05:00:00,,,2.0
2013-06-19 05:30:00,,,2.0
2013-06-19 06:00:00,0.56415796,33.8685500728,2.0
2013-06-19 06:30:00,,,2.0
2013-06-19 07:00:00,-0.25598167,1.71166999704,1.3259330054
2013-06-19 07:30:00,-0.53366814,1.29369408653,1.09640432427
2013-06-19 08:00:00,-0.1971546,2.08922499721,1.40686696125
2013-06-19 08:30:00,-0.20942759,1.94394737031,1.38833456309
2013-06-19 09:00:00,-0.10060502,2.24111072266,1.59928447124
2013-06-19 09:30:00,-0.087867003,1.9284236236,1.6336991878
2013-06-19 10:00:00,-0.14553187,1.99407304678,1.49743904573
2013-06-19 10:30:00,-0.1440797,1.96535480957,1.50034044315
2013-06-19 11:00:00,-0.1159893,1.74497956467,1.56132300666
2013-06-19 11:30:00,-0.15347564,1.91883729441,1.48195474582
2013-06-19 12:00:00,-0.11100805,2.36504823366,1.5732191539
2013-06-19 12:30:00,-0.038147684,2.08546955073,1.80410356813
2013-06-19 13:00:00,-0.11942016,2.31432225318,1.55333520194
2013-06-19 13:30:00,-0.24218822,1.57118139636,1.34325185131
2013-06-19 14:00:00,-0.11523815,2.2381193903,1.56309390858
2013-06-19 14:30:00,-0.20277702,1.94159286189,1.39825486392
2013-06-19 15:00:00,-0.19483062,1.81433777743,1.41048930322
2013-06-19 15:30:00,,,2.0
2013-06-19 16:00:00,,,2.0
2013-06-19 16:30:00,,,2.0
2013-06-19 17:00:00,,,2.0
2013-06-19 17:30:00,,,2.0
2013-06-19 18:00:00,,,2.0
2013-06-19 18:30:00,,,2.0
2013-06-19 19:00:00,,,2.0
2013-06-19 19:30:00,,,2.0
2013-06-19 20:00:00,,,2.0
2013-06-19 20:30:00,,,2.0
2013-06-19 21:00:00,,,2.0
2013-06-19 21:30:00,,,2.0
2013-06-19 22:00:00,,,2.0
2013-06-19 22:30:00,,,2.0
2013-06-19 23:00:00,,,2.0
2013-06-19 23:30:00,,,2.0
2013-06-20 00:00:00,,,2.0
2013-06-20 00:30:00,1.0656916,32.3951353339,2.0
2013-06-20 01:00:00,0.86323631,3.45953085686,2.0
2013-06-20 01:30:00,0.53185049,5.63892232497,2.0
2013-06-20 02:00:00,0.79461036,5.41867910265,2.0
2013-06-20 02:30:00,,,2.0
2013-06-20 03:00:00,,,2.0
2013-06-20 03:30:00,,,2.0
2013-06-20 04:00:00,,,2.0
2013-06-20 04:30:00,,,2.0
2013-06-20 05:00:00,0.45651693,92.0572127446,2.0
2013-06-20 05:30:00,,,2.0
2013-06-20 06:00:00,,,2.0
2013-06-20 06:30:00,,,2.0
2013-06-20 07:00:00,-0.53847646,1.81869832509,1.09366768809
2013-06-20 07:30:00,,,2.0
2013-06-20 08:00:00,-1.1986011,1.07335625647,0.864393184159
2013-06-20 08:30:00,-0.35105781,1.59884084796,1.22658783242
2013-06-20 09:00:00,-0.18904524,1.68519096765,1.41967164746
2013-06-20 09:30:00,-0.13888523,1.91270690436,1.51090621243
2013-06-20 10:00:00,-0.12975902,2.14252950209,1.53021520052
2013-06-20 10:30:00,-0.12551279,1.90921630391,1.53954343483
2013-06-20 11:00:00,-0.094041444,2.31031842733,1.61665128468
2013-06-20 11:30:00,-0.2595452,1.89389741722,1.32160153388
2013-06-20 12:00:00,-0.1141984,2.13273520744,1.565558527
2013-06-20 12:30:00,-0.16747529,1.95329425493,1.45615187023
2013-06-20 13:00:00,-0.12990467,2.65581567789,1.52989922494
2013-06-20 13:30:00,-0.17675614,2.07223749623,1.44000008661
2013-06-20 14:00:00,-0.20952169,2.00350301531,1.38819620901
2013-06-20 14:30:00,-0.13256995,1.99804455034,1.52416279724
2013-06-20 15:00:00,,,2.0
2013-06-20 15:30:00,,,2.0
2013-06-20 16:00:00,,,2.0
2013-06-20 16:30:00,,,2.0
2013-06-20 17:00:00,,,2.0
2013-06-20 17:30:00,,,2.0
2013-06-20 18:00:00,,,2.0
2013-06-20 18:30:00,,,2.0
2013-06-20 19:00:00,,,2.0
2013-06-20 19:30:00,1.0943964,2.82135800461,2.0
2013-06-20 20:00:00,0.64779889,2.70142700554,2.0
2013-06-20 20:30:00,0.90246293,2.80525322674,2.0
2013-06-20 21:00:00,1.259041,2.15303684635,2.0
2013-06-20 21:30:00,,,2.0
2013-06-20 22:00:00,,,2.0
2013-06-20 22:30:00,,,2.0
2013-06-20 23:00:00,,,2.0
2013-06-20 23:30:00,1.284118,2.71022751438,2.0
2013-06-21 00:00:00,0.66516569,5.09914966349,2.0
2013-06-21 00:30:00,0.37202005,6.73088629734,2.0
2013-06-21 01:00:00,0.32776808,4.209360232,2.0
2013-06-21 01:30:00,,,2.0
2013-06-21 02:00:00,0.95616648,3.84660998041,2.0
2013-06-21 02:30:00,1.0644979,3.87060826758,2.0
2013-06-21 03:00:00,1.1652653,3.1561631412,2.0
2013-06-21 03:30:00,,,2.0
2013-06-21 04:00:00,,,2.0
2013-06-21 04:30:00,,,2.0
2013-06-21 05:00:00,,,2.0
2013-06-21 05:30:00,,,2.0
2013-06-21 06:00:00,,,2.0
2013-06-21 06:30:00,,,2.0
2013-06-21 07:00:00,-0.57964471,1.82667003463,1.0713007497
2013-06-21 07:30:00,-1.2231601,1.46184306544,0.859033242654
2013-06-21 08:00:00,-0.3836514,1.68981464769,1.19870174506
2013-06-21 08:30:00,-0.3202804,1.6275165847,1.25547322118
2013-06-21 09:00:00,-0.61950894,1.3693069706,1.05128783427
2013-06-21 09:30:00,-0.27202046,2.03857859214,1.30687127181
2013-06-21 10:00:00,-0.1047258,2.25701410138,1.58875394202
2013-06-21 10:30:00,-0.11015865,1.99978650428,1.57528415664
2013-06-21 11:00:00,-0.084403038,1.80982374838,1.64358492531
2013-06-21 11:30:00,-0.095274576,2.39147355766,1.61333080463
2013-06-21 12:00:00,-0.13205435,2.29530520056,1.52526580605
2013-06-21 12:30:00,-0.10973294,2.12487216863,1.57632320198
2013-06-21 13:00:00,-0.24479156,1.87227447502,1.33991366259
2013-06-21 13:30:00,-0.21389816,1.88830201559,1.38182181287
2013-06-21 14:00:00,-0.33049732,1.79673388942,1.24558350325
2013-06-21 14:30:00,-0.8938208,1.32497964475,0.944614915214
2013-06-21 15:00:00,,,2.0
2013-06-21 15:30:00,,,2.0
2013-06-21 16:00:00,,,2.0
2013-06-21 16:30:00,-0.33620456,2.37105015176,1.24019262209
2013-06-21 17:00:00,,,2.0
2013-06-21 17:30:00,,,2.0
2013-06-21 18:00:00,,,2.0
2013-06-21 18:30:00,,,2.0
2013-06-21 19:00:00,1.247132,3.32120881541,2.0
2013-06-21 19:30:00,0.61007077,3.80385213078,2.0
2013-06-21 20:00:00,0.40015152,3.62674068448,2.0
2013-06-21 20:30:00,,,2.0
2013-06-21 21:00:00,0.65353328,3.81804861603,2.0
2013-06-21 21:30:00,0.31695378,3.79077584005,2.0
2013-06-21 22:00:00,,,2.0
2013-06-21 22:30:00,0.38119416,8.99248301214,2.0
2013-06-21 23:00:00,0.47975348,3.51856135971,2.0
2013-06-21 23:30:00,0.50399917,3.15803087773,2.0
2013-06-22 00:00:00,0.60795247,4.85003564704,2.0
2013-06-22 00:30:00,0.66044116,12.5952124204,2.0
2013-06-22 01:00:00,0.18719602,46.8089981175,2.0
2013-06-22 01:30:00,,,2.0
2013-06-22 02:00:00,,,2.0
2013-06-22 02:30:00,,,2.0
2013-06-22 03:00:00,,,2.0
2013-06-22 03:30:00,,,2.0
2013-06-22 04:00:00,,,2.0
2013-06-22 04:30:00,,,2.0
2013-06-22 05:00:00,,,2.0
2013-06-22 05:30:00,,,2.0
2013-06-22 06:00:00,,,2.0
2013-06-22 06:30:00,,,2.0
2013-06-22 07:00:00,-0.8038874,1.42821109208,0.974788037016
2013-06-22 07:30:00,-0.55514835,1.70384045669,1.08438603612
2013-06-22 08:00:00,-0.18333583,1.99590689063,1.42897246145
2013-06-22 08:30:00,-0.15296349,2.1526020001,1.48293383649
2013-06-22 09:00:00,-0.11435903,1.98004787997,1.5651767547
2013-06-22 09:30:00,-0.078792565,2.20548438305,1.66011823017
2013-06-22 10:00:00,-0.089523358,2.25134497596,1.62905531344
2013-06-22 10:30:00,-0.083953205,2.18575030209,1.64488635191
2013-06-22 11:00:00,-0.14457036,1.71269541551,1.49935760266
2013-06-22 11:30:00,-0.27746468,1.71258209592,1.30064500246
2013-06-22 12:00:00,-0.093717456,2.21146334601,1.61752824046
2013-06-22 12:30:00,-0.12388554,1.98751708646,1.54317908753
2013-06-22 13:00:00,,,2.0
2013-06-22 13:30:00,,,2.0
2013-06-22 14:00:00,-0.4756202,1.87150935402,1.13177253121
2013-06-22 14:30:00,-0.75653685,1.52500334945,0.992323544879
2013-06-22 15:00:00,-1.8589522,1.3929042874,0.754036599892
2013-06-22 15:30:00,,,2.0
2013-06-22 16:00:00,,,2.0
2013-06-22 16:30:00,,,2.0
2013-06-22 17:00:00,,,2.0
2013-06-22 17:30:00,,,2.0
2013-06-22 18:00:00,,,2.0
2013-06-22 18:30:00,,,2.0
2013-06-22 19:00:00,,,2.0
2013-06-22 19:30:00,,,2.0
